audit_id,actor_id,actor_role,action,enterprise_id,tier_accessed,grant_id,occurred_at,merchant_notified
1,FO4,field_officer,view_t2_detail,ENT0154,2,GR00001,2026-07-04 16:00:00,True
2,FO2,field_officer,view_t2_detail,ENT0122,2,GR00002,2024-02-03 12:00:00,True
3,FO3,field_officer,view_t2_detail,ENT0202,2,GR00003,2025-07-06 10:00:00,True
4,FO5,field_officer,view_t2_detail,ENT0246,2,GR00004,2023-12-02 16:00:00,True
5,FO6,field_officer,view_t2_detail,ENT0135,2,GR00005,2023-12-04 13:00:00,True
6,FO2,field_officer,view_t2_detail,ENT0182,2,GR00006,2025-03-05 16:00:00,True
7,FO3,field_officer,view_t2_detail,ENT0222,2,GR00007,2026-05-01 15:00:00,True
8,FO4,field_officer,view_t2_detail,ENT0098,2,GR00008,2025-10-02 14:00:00,True
9,FO5,field_officer,view_t2_detail,ENT0160,2,GR00009,2024-04-03 09:00:00,True
10,FO4,field_officer,view_t2_detail,ENT0035,2,GR00010,2024-02-01 15:00:00,True
11,FO2,field_officer,view_t2_detail,ENT0175,2,GR00011,2023-12-03 22:00:00,True
12,FO6,field_officer,view_t2_detail,ENT0223,2,GR00012,2025-03-03 02:00:00,True
13,FO1,field_officer,view_t2_detail,ENT0251,2,GR00013,2023-12-02 14:00:00,True
14,FO2,field_officer,view_t2_detail,ENT0174,2,GR00014,2024-09-05 14:00:00,True
15,FO2,field_officer,view_t2_detail,ENT0229,2,GR00015,2026-05-03 07:00:00,True
16,FO5,field_officer,view_t2_detail,ENT0018,2,GR00016,2025-08-04 09:00:00,True
17,FO4,field_officer,view_t2_detail,ENT0090,2,GR00017,2023-12-03 13:00:00,True
18,FO2,field_officer,view_t2_detail,ENT0132,2,GR00018,2025-08-05 15:00:00,True
19,FO5,field_officer,view_t2_detail,ENT0188,2,GR00019,2024-12-02 22:00:00,True
20,FO1,field_officer,view_t2_detail,ENT0107,2,GR00020,2026-05-04 10:00:00,True
21,FO2,field_officer,view_t2_detail,ENT0213,2,GR00021,2024-03-03 13:00:00,True
22,FO1,field_officer,view_t2_detail,ENT0113,2,GR00022,2026-05-05 20:00:00,True
23,FO5,field_officer,view_t2_detail,ENT0233,2,GR00023,2025-08-05 00:00:00,True
24,FO5,field_officer,view_t2_detail,ENT0062,2,GR00024,2026-05-04 08:00:00,True
25,FO6,field_officer,view_t2_detail,ENT0140,2,GR00025,2024-12-02 13:00:00,True
26,FO5,field_officer,view_t2_detail,ENT0160,2,GR00026,2024-06-05 13:00:00,True
27,FO3,field_officer,view_t2_detail,ENT0006,2,GR00027,2024-09-05 00:00:00,True
28,FO4,field_officer,view_t2_detail,ENT0095,2,GR00028,2025-05-02 07:00:00,True
29,FO4,field_officer,view_t2_detail,ENT0091,2,GR00029,2026-06-03 04:00:00,True
30,FO1,field_officer,view_t2_detail,ENT0180,2,GR00030,2025-07-01 04:00:00,True
31,FO2,field_officer,view_t2_detail,ENT0005,2,GR00031,2026-01-06 12:00:00,True
32,FO6,field_officer,view_t2_detail,ENT0203,2,GR00032,2025-06-04 01:00:00,True
33,FO3,field_officer,view_t2_detail,ENT0057,2,GR00033,2025-05-04 07:00:00,True
34,FO1,field_officer,view_t2_detail,ENT0124,2,GR00034,2024-06-03 05:00:00,True
35,FO5,field_officer,view_t2_detail,ENT0094,2,GR00035,2023-12-04 09:00:00,True
36,FO3,field_officer,view_t2_detail,ENT0242,2,GR00036,2025-05-01 10:00:00,True
37,FO1,field_officer,view_t2_detail,ENT0096,2,GR00037,2025-07-05 02:00:00,True
38,FO3,field_officer,view_t2_detail,ENT0178,2,GR00038,2025-05-01 23:00:00,True
39,FO1,field_officer,view_t2_detail,ENT0184,2,GR00039,2024-03-05 18:00:00,True
40,FO1,field_officer,view_t2_detail,ENT0124,2,GR00040,2024-04-02 08:00:00,True
41,FO1,field_officer,view_t2_detail,ENT0001,2,GR00041,2026-06-01 03:00:00,True
42,FO1,field_officer,view_t2_detail,ENT0001,2,GR00042,2026-08-02 06:00:00,True
43,FO1,field_officer,view_t2_detail,ENT0014,2,GR00043,2024-02-05 03:00:00,True
44,FO2,field_officer,view_t2_detail,ENT0214,2,GR00044,2023-12-05 06:00:00,True
45,FO1,field_officer,view_t2_detail,ENT0150,2,GR00045,2026-05-03 17:00:00,True
46,FO1,field_officer,view_t2_detail,ENT0199,2,GR00046,2024-07-06 16:00:00,True
47,FO6,field_officer,view_t2_detail,ENT0223,2,GR00047,2024-12-05 16:00:00,True
48,FO1,field_officer,view_t2_detail,ENT0206,2,GR00048,2024-09-05 10:00:00,True
49,FO1,field_officer,view_t2_detail,ENT0198,2,GR00049,2025-10-03 23:00:00,True
50,FO2,field_officer,view_t2_detail,ENT0028,2,GR00050,2025-08-04 08:00:00,True
51,FO1,field_officer,view_t2_detail,ENT0107,2,GR00051,2025-02-06 01:00:00,True
52,FO1,field_officer,view_t2_detail,ENT0086,2,GR00052,2024-04-04 16:00:00,True
53,FO6,field_officer,view_t2_detail,ENT0203,2,GR00053,2026-02-03 11:00:00,True
54,FO1,field_officer,view_t2_detail,ENT0109,2,GR00054,2026-05-03 16:00:00,True
55,FO2,field_officer,view_t2_detail,ENT0138,2,GR00055,2025-07-02 06:00:00,True
56,FO2,field_officer,view_t2_detail,ENT0037,2,GR00056,2025-01-05 10:00:00,True
57,FO1,field_officer,view_t2_detail,ENT0205,2,GR00057,2024-04-03 05:00:00,True
58,FO1,field_officer,view_t2_detail,ENT0121,2,GR00058,2026-06-04 14:00:00,True
59,FO1,field_officer,view_t2_detail,ENT0087,2,GR00059,2026-05-05 08:00:00,True
60,FO3,field_officer,view_t2_detail,ENT0104,2,GR00060,2024-05-06 18:00:00,True
61,FO2,field_officer,view_t2_detail,ENT0182,2,GR00061,2025-05-04 12:00:00,True
62,FO1,field_officer,view_t2_detail,ENT0186,2,GR00062,2024-07-06 18:00:00,True
63,FO2,field_officer,view_t2_detail,ENT0163,2,GR00063,2026-03-03 23:00:00,True
64,FO4,field_officer,view_t2_detail,ENT0190,2,GR00064,2024-08-05 00:00:00,True
65,FO4,field_officer,view_t2_detail,ENT0168,2,GR00065,2024-06-04 18:00:00,True
66,FO6,field_officer,view_t2_detail,ENT0241,2,GR00066,2025-09-03 03:00:00,True
67,FO4,field_officer,view_t2_detail,ENT0236,2,GR00067,2025-02-04 02:00:00,True
68,FO2,field_officer,view_t2_detail,ENT0138,2,GR00068,2024-02-03 01:00:00,True
69,FO5,field_officer,view_t2_detail,ENT0134,2,GR00069,2024-04-02 10:00:00,True
70,FO1,field_officer,view_t2_detail,ENT0128,2,GR00070,2026-07-04 01:00:00,True
71,FO3,field_officer,view_t2_detail,ENT0006,2,GR00071,2025-01-06 02:00:00,True
72,FO6,field_officer,view_t2_detail,ENT0034,2,GR00072,2024-04-05 02:00:00,True
73,FO6,field_officer,view_t2_detail,ENT0172,2,GR00073,2026-02-03 11:00:00,True
74,FO6,field_officer,view_t2_detail,ENT0033,2,GR00074,2025-11-04 00:00:00,True
75,FO6,field_officer,view_t2_detail,ENT0140,2,GR00075,2025-02-05 15:00:00,True
76,FO1,field_officer,view_t2_detail,ENT0121,2,GR00076,2024-06-04 10:00:00,True
77,FO4,field_officer,view_t2_detail,ENT0239,2,GR00077,2026-05-02 08:00:00,True
78,FO4,field_officer,view_t2_detail,ENT0189,2,GR00078,2026-07-06 15:00:00,True
79,FO5,field_officer,view_t2_detail,ENT0013,2,GR00079,2023-12-03 14:00:00,True
80,FO4,field_officer,view_t2_detail,ENT0099,2,GR00080,2024-07-04 21:00:00,True
81,FO5,field_officer,view_t2_detail,ENT0227,2,GR00081,2026-05-06 05:00:00,True
82,FO1,field_officer,view_t2_detail,ENT0199,2,GR00082,2025-05-04 23:00:00,True
83,FO1,field_officer,view_t2_detail,ENT0199,2,GR00083,2024-03-03 12:00:00,True
84,FO6,field_officer,view_t2_detail,ENT0181,2,GR00084,2023-12-04 09:00:00,True
85,FO6,field_officer,view_t2_detail,ENT0034,2,GR00085,2025-06-04 23:00:00,True
86,FO1,field_officer,view_t2_detail,ENT0083,2,GR00086,2024-06-05 11:00:00,True
87,FO1,field_officer,view_t2_detail,ENT0199,2,GR00087,2026-06-06 18:00:00,True
88,FO6,field_officer,view_t2_detail,ENT0203,2,GR00088,2026-07-05 01:00:00,True
89,FO6,field_officer,view_t2_detail,ENT0085,2,GR00089,2026-07-02 04:00:00,True
90,FO4,field_officer,view_t2_detail,ENT0119,2,GR00090,2026-07-03 04:00:00,True
91,FO3,field_officer,view_t2_detail,ENT0104,2,GR00091,2024-07-04 16:00:00,True
92,FO1,field_officer,view_t2_detail,ENT0144,2,GR00092,2024-09-03 12:00:00,True
93,FO4,field_officer,view_t2_detail,ENT0091,2,GR00093,2025-08-01 14:00:00,True
94,FO5,field_officer,view_t2_detail,ENT0040,2,GR00094,2024-02-04 12:00:00,True
95,FO1,field_officer,view_t2_detail,ENT0113,2,GR00095,2024-12-05 15:00:00,True
96,FO3,field_officer,view_t2_detail,ENT0073,2,GR00096,2025-05-06 10:00:00,True
97,FO1,field_officer,view_t2_detail,ENT0128,2,GR00097,2026-05-03 16:00:00,True
98,FO2,field_officer,view_t2_detail,ENT0067,2,GR00098,2024-08-05 01:00:00,True
99,FO1,field_officer,view_t2_detail,ENT0199,2,GR00099,2025-03-03 14:00:00,True
100,FO4,field_officer,view_t2_detail,ENT0112,2,GR00100,2024-09-03 17:00:00,True
101,FO2,field_officer,view_t2_detail,ENT0133,2,GR00101,2024-03-04 23:00:00,True
102,FO5,field_officer,view_t2_detail,ENT0196,2,GR00102,2024-03-04 13:00:00,True
103,FO3,field_officer,view_t2_detail,ENT0004,2,GR00103,2026-05-02 18:00:00,True
104,FO5,field_officer,view_t2_detail,ENT0160,2,GR00104,2024-02-01 22:00:00,True
105,FO6,field_officer,view_t2_detail,ENT0117,2,GR00105,2023-12-03 21:00:00,True
106,FO2,field_officer,view_t2_detail,ENT0138,2,GR00106,2025-02-05 19:00:00,True
107,FO4,field_officer,view_t2_detail,ENT0189,2,GR00107,2025-07-04 02:00:00,True
108,FO6,field_officer,view_t2_detail,ENT0223,2,GR00108,2025-11-03 07:00:00,True
109,FO5,field_officer,view_t2_detail,ENT0100,2,GR00109,2024-06-04 23:00:00,True
110,FO6,field_officer,view_t2_detail,ENT0140,2,GR00110,2024-10-02 20:00:00,True
111,FO4,field_officer,view_t2_detail,ENT0115,2,GR00111,2024-07-03 15:00:00,True
112,FO5,field_officer,view_t2_detail,ENT0161,2,GR00112,2025-12-03 18:00:00,True
113,FO3,field_officer,view_t2_detail,ENT0120,2,GR00113,2024-03-04 10:00:00,True
114,FO3,field_officer,view_t2_detail,ENT0080,2,GR00114,2024-06-04 20:00:00,True
115,FO2,field_officer,view_t2_detail,ENT0133,2,GR00115,2026-03-01 10:00:00,True
116,FO3,field_officer,view_t2_detail,ENT0074,2,GR00116,2023-12-04 00:00:00,True
117,FO3,field_officer,view_t2_detail,ENT0130,2,GR00117,2025-05-05 02:00:00,True
118,FO6,field_officer,view_t2_detail,ENT0140,2,GR00118,2025-11-01 14:00:00,True
119,FO1,field_officer,view_t2_detail,ENT0056,2,GR00119,2024-09-05 07:00:00,True
120,FO5,field_officer,view_t2_detail,ENT0040,2,GR00120,2024-04-04 16:00:00,True
121,FO3,field_officer,view_t2_detail,ENT0139,2,GR00121,2024-09-04 23:00:00,True
122,FO4,field_officer,view_t2_detail,ENT0152,2,GR00122,2023-12-02 18:00:00,True
123,FO1,field_officer,view_t2_detail,ENT0198,2,GR00123,2024-07-05 21:00:00,True
124,FO1,field_officer,view_t2_detail,ENT0251,2,GR00124,2026-05-03 14:00:00,True
125,FO2,field_officer,view_t2_detail,ENT0137,2,GR00125,2024-06-01 23:00:00,True
126,FO3,field_officer,view_t2_detail,ENT0244,2,GR00126,2024-06-06 20:00:00,True
127,FO1,field_officer,view_t2_detail,ENT0215,2,GR00127,2024-09-06 17:00:00,True
128,FO5,field_officer,view_t2_detail,ENT0188,2,GR00128,2026-06-05 15:00:00,True
129,FO5,field_officer,view_t2_detail,ENT0111,2,GR00129,2024-02-06 06:00:00,True
130,FO3,field_officer,view_t2_detail,ENT0104,2,GR00130,2026-03-03 02:00:00,True
131,FO5,field_officer,view_t2_detail,ENT0062,2,GR00131,2026-07-04 16:00:00,True
132,FO2,field_officer,view_t2_detail,ENT0133,2,GR00132,2025-12-04 10:00:00,True
133,FO1,field_officer,view_t2_detail,ENT0144,2,GR00133,2024-03-04 11:00:00,True
134,FO5,field_officer,view_t2_detail,ENT0076,2,GR00134,2024-04-03 11:00:00,True
135,FO4,field_officer,view_t2_detail,ENT0060,2,GR00135,2026-07-06 21:00:00,True
136,FO3,field_officer,view_t2_detail,ENT0244,2,GR00136,2024-10-04 18:00:00,True
137,FO2,field_officer,view_t2_detail,ENT0067,2,GR00137,2024-12-04 11:00:00,True
138,FO4,field_officer,view_t2_detail,ENT0190,2,GR00138,2024-06-03 21:00:00,True
139,FO4,field_officer,view_t2_detail,ENT0115,2,GR00139,2025-06-03 20:00:00,True
140,FO4,field_officer,view_t2_detail,ENT0035,2,GR00140,2026-05-03 22:00:00,True
141,FO4,field_officer,view_t2_detail,ENT0236,2,GR00141,2025-05-05 16:00:00,True
142,FO5,field_officer,view_t2_detail,ENT0111,2,GR00142,2025-08-02 09:00:00,True
143,FO2,field_officer,view_t2_detail,ENT0208,2,GR00143,2025-10-03 07:00:00,True
144,FO1,field_officer,view_t2_detail,ENT0107,2,GR00144,2026-07-03 07:00:00,True
145,FO6,field_officer,view_t2_detail,ENT0075,2,GR00145,2025-05-06 15:00:00,True
146,FO4,field_officer,view_t2_detail,ENT0048,2,GR00146,2024-02-03 08:00:00,True
147,FO1,field_officer,view_t2_detail,ENT0113,2,GR00147,2025-05-04 06:00:00,True
148,FO3,field_officer,view_t2_detail,ENT0059,2,GR00148,2025-05-02 11:00:00,True
149,FO2,field_officer,view_t2_detail,ENT0164,2,GR00149,2026-05-06 22:00:00,True
150,FO4,field_officer,view_t2_detail,ENT0192,2,GR00150,2026-04-03 05:00:00,True
151,FO3,field_officer,view_t2_detail,ENT0195,2,GR00151,2025-05-02 18:00:00,True
152,FO6,field_officer,view_t2_detail,ENT0033,2,GR00152,2024-07-04 02:00:00,True
153,FO4,field_officer,view_t2_detail,ENT0054,2,GR00153,2026-07-03 08:00:00,True
154,FO1,field_officer,view_t2_detail,ENT0083,2,GR00154,2024-02-04 02:00:00,True
155,FO5,field_officer,view_t2_detail,ENT0111,2,GR00155,2025-12-04 19:00:00,True
156,FO2,field_officer,view_t2_detail,ENT0118,2,GR00156,2026-06-06 16:00:00,True
157,FO2,field_officer,view_t2_detail,ENT0138,2,GR00157,2024-04-03 12:00:00,True
158,FO5,field_officer,view_t2_detail,ENT0161,2,GR00158,2024-05-03 03:00:00,True
159,FO2,field_officer,view_t2_detail,ENT0212,2,GR00159,2026-05-05 02:00:00,True
160,FO5,field_officer,view_t2_detail,ENT0233,2,GR00160,2025-02-05 21:00:00,True
161,FO2,field_officer,view_t2_detail,ENT0138,2,GR00161,2025-11-02 17:00:00,True
162,FO4,field_officer,view_t2_detail,ENT0115,2,GR00162,2024-05-01 01:00:00,True
163,FO3,field_officer,view_t2_detail,ENT0178,2,GR00163,2024-08-05 01:00:00,True
164,FO5,field_officer,view_t2_detail,ENT0017,2,GR00164,2026-06-03 13:00:00,True
165,FO4,field_officer,view_t2_detail,ENT0039,2,GR00165,2024-11-02 17:00:00,True
166,FO1,field_officer,view_t2_detail,ENT0219,2,GR00166,2026-05-04 15:00:00,True
167,FO1,field_officer,view_t2_detail,ENT0150,2,GR00167,2024-01-01 21:00:00,True
168,FO3,field_officer,view_t2_detail,ENT0120,2,GR00168,2026-03-06 13:00:00,True
169,FO1,field_officer,view_t2_detail,ENT0179,2,GR00169,2023-12-03 14:00:00,True
170,FO1,field_officer,view_t2_detail,ENT0113,2,GR00170,2026-07-03 18:00:00,True
171,FO3,field_officer,view_t2_detail,ENT0006,2,GR00171,2025-06-06 04:00:00,True
172,FO2,field_officer,view_t2_detail,ENT0166,2,GR00172,2024-05-04 21:00:00,True
173,FO4,field_officer,view_t2_detail,ENT0038,2,GR00173,2024-03-03 16:00:00,True
174,FO1,field_officer,view_t2_detail,ENT0113,2,GR00174,2025-09-03 03:00:00,True
175,FO1,field_officer,view_t2_detail,ENT0022,2,GR00175,2026-06-05 22:00:00,True
176,FO3,field_officer,view_t2_detail,ENT0080,2,GR00176,2026-01-04 16:00:00,True
177,FO5,field_officer,view_t2_detail,ENT0160,2,GR00177,2025-05-03 06:00:00,True
178,FO1,field_officer,view_t2_detail,ENT0206,2,GR00178,2025-05-05 08:00:00,True
179,FO2,field_officer,view_t2_detail,ENT0067,2,GR00179,2026-01-03 04:00:00,True
180,FO4,field_officer,view_t2_detail,ENT0065,2,GR00180,2024-03-04 19:00:00,True
181,FO2,field_officer,view_t2_detail,ENT0137,2,GR00181,2024-04-05 09:00:00,True
182,FO2,field_officer,view_t2_detail,ENT0089,2,GR00182,2025-05-04 21:00:00,True
183,FO1,field_officer,view_t2_detail,ENT0109,2,GR00183,2023-12-03 20:00:00,True
184,FO6,field_officer,view_t2_detail,ENT0101,2,GR00184,2023-12-06 03:00:00,True
185,FO1,field_officer,view_t2_detail,ENT0177,2,GR00185,2024-08-06 13:00:00,True
186,FO1,field_officer,view_t2_detail,ENT0150,2,GR00186,2024-03-04 12:00:00,True
187,FO1,field_officer,view_t2_detail,ENT0184,2,GR00187,2024-05-06 12:00:00,True
188,FO2,field_officer,view_t2_detail,ENT0174,2,GR00188,2026-05-05 01:00:00,True
189,FO3,field_officer,view_t2_detail,ENT0157,2,GR00189,2024-04-04 07:00:00,True
190,FO3,field_officer,view_t2_detail,ENT0244,2,GR00190,2025-09-05 05:00:00,True
191,FO1,field_officer,view_t2_detail,ENT0056,2,GR00191,2026-07-03 17:00:00,True
192,FO4,field_officer,view_t2_detail,ENT0190,2,GR00192,2026-06-03 08:00:00,True
193,FO2,field_officer,view_t2_detail,ENT0137,2,GR00193,2026-05-04 08:00:00,True
194,FO3,field_officer,view_t2_detail,ENT0178,2,GR00194,2024-12-06 22:00:00,True
195,FO2,field_officer,view_t2_detail,ENT0137,2,GR00195,2026-03-06 22:00:00,True
196,FO4,field_officer,view_t2_detail,ENT0081,2,GR00196,2026-05-02 20:00:00,True
197,FO6,field_officer,view_t2_detail,ENT0085,2,GR00197,2026-03-02 07:00:00,True
198,FO4,field_officer,view_t2_detail,ENT0048,2,GR00198,2026-05-04 13:00:00,True
199,FO1,field_officer,view_t2_detail,ENT0121,2,GR00199,2026-04-04 01:00:00,True
200,FO2,field_officer,view_t2_detail,ENT0132,2,GR00200,2026-06-03 04:00:00,True
201,FO4,field_officer,view_t2_detail,ENT0236,2,GR00201,2024-05-05 22:00:00,True
202,FO6,field_officer,view_t2_detail,ENT0102,2,GR00202,2025-08-06 02:00:00,True
203,FO6,field_officer,view_t2_detail,ENT0201,2,GR00203,2025-08-02 14:00:00,True
204,FO4,field_officer,view_t2_detail,ENT0152,2,GR00204,2026-05-05 19:00:00,True
205,FO5,field_officer,view_t2_detail,ENT0233,2,GR00205,2024-04-04 01:00:00,True
206,FO4,field_officer,view_t2_detail,ENT0081,2,GR00206,2024-07-03 20:00:00,True
207,FO1,field_officer,view_t2_detail,ENT0198,2,GR00207,2024-09-04 20:00:00,True
208,FO5,field_officer,view_t2_detail,ENT0036,2,GR00208,2024-02-01 23:00:00,True
209,FO3,field_officer,view_t2_detail,ENT0131,2,GR00209,2025-07-03 19:00:00,True
210,FO1,field_officer,view_t2_detail,ENT0031,2,GR00210,2025-04-03 14:00:00,True
211,FO1,field_officer,view_t2_detail,ENT0251,2,GR00211,2024-04-03 10:00:00,True
212,FO4,field_officer,view_t2_detail,ENT0082,2,GR00212,2024-06-05 20:00:00,True
213,FO1,field_officer,view_t2_detail,ENT0206,2,GR00213,2025-03-03 22:00:00,True
214,FO5,field_officer,view_t2_detail,ENT0225,2,GR00214,2026-07-02 05:00:00,True
215,FO2,field_officer,view_t2_detail,ENT0226,2,GR00215,2024-02-06 14:00:00,True
216,FO2,field_officer,view_t2_detail,ENT0079,2,GR00216,2024-02-06 01:00:00,True
217,FO4,field_officer,view_t2_detail,ENT0038,2,GR00217,2024-07-03 09:00:00,True
218,FO1,field_officer,view_t2_detail,ENT0001,2,GR00218,2025-07-05 16:00:00,True
219,FO3,field_officer,view_t2_detail,ENT0244,2,GR00219,2025-05-04 22:00:00,True
220,FO3,field_officer,view_t2_detail,ENT0006,2,GR00220,2026-04-05 14:00:00,True
221,FO5,field_officer,view_t2_detail,ENT0100,2,GR00221,2024-04-04 17:00:00,True
222,FO6,field_officer,view_t2_detail,ENT0085,2,GR00222,2025-09-03 06:00:00,True
223,FO4,field_officer,view_t2_detail,ENT0115,2,GR00223,2024-03-04 17:00:00,True
224,FO4,field_officer,view_t2_detail,ENT0158,2,GR00224,2025-05-06 14:00:00,True
225,FO6,field_officer,view_t2_detail,ENT0247,2,GR00225,2023-12-03 10:00:00,True
226,FO1,field_officer,view_t2_detail,ENT0124,2,GR00226,2025-06-04 12:00:00,True
227,FO1,field_officer,view_t2_detail,ENT0144,2,GR00227,2025-04-02 08:00:00,True
228,FO3,field_officer,view_t2_detail,ENT0148,2,GR00228,2024-02-02 07:00:00,True
229,FO2,field_officer,view_t2_detail,ENT0138,2,GR00229,2026-01-04 04:00:00,True
230,FO1,field_officer,view_t2_detail,ENT0249,2,GR00230,2024-02-03 00:00:00,True
231,FO3,field_officer,view_t2_detail,ENT0178,2,GR00231,2026-05-03 15:00:00,True
232,FO5,field_officer,view_t2_detail,ENT0049,2,GR00232,2023-12-04 07:00:00,True
233,FO3,field_officer,view_t2_detail,ENT0202,2,GR00233,2025-05-02 15:00:00,True
234,FO3,field_officer,view_t2_detail,ENT0006,2,GR00234,2026-08-05 08:00:00,True
235,FO3,field_officer,view_t2_detail,ENT0073,2,GR00235,2023-12-04 02:00:00,True
236,FO1,field_officer,view_t2_detail,ENT0179,2,GR00236,2024-02-06 19:00:00,True
237,FO6,field_officer,view_t2_detail,ENT0033,2,GR00237,2026-07-04 23:00:00,True
238,FO5,field_officer,view_t2_detail,ENT0188,2,GR00238,2025-02-04 15:00:00,True
239,FO3,field_officer,view_t2_detail,ENT0252,2,GR00239,2024-09-04 05:00:00,True
240,FO3,field_officer,view_t2_detail,ENT0178,2,GR00240,2025-09-03 10:00:00,True
241,FO6,field_officer,view_t2_detail,ENT0085,2,GR00241,2025-05-06 18:00:00,True
242,FO2,field_officer,view_t2_detail,ENT0137,2,GR00242,2026-07-02 16:00:00,True
243,FO2,field_officer,view_t2_detail,ENT0174,2,GR00243,2026-07-06 18:00:00,True
244,FO4,field_officer,view_t2_detail,ENT0035,2,GR00244,2024-07-04 15:00:00,True
245,FO1,field_officer,view_t2_detail,ENT0206,2,GR00245,2026-05-04 00:00:00,True
246,FO6,field_officer,view_t2_detail,ENT0203,2,GR00246,2025-04-04 04:00:00,True
247,FO6,field_officer,view_t2_detail,ENT0008,2,GR00247,2025-07-04 06:00:00,True
248,FO1,field_officer,view_t2_detail,ENT0030,2,GR00248,2024-08-02 17:00:00,True
249,FO1,field_officer,view_t2_detail,ENT0001,2,GR00249,2024-09-04 04:00:00,True
250,FO5,field_officer,view_t2_detail,ENT0227,2,GR00250,2026-07-04 15:00:00,True
251,FO4,field_officer,view_t2_detail,ENT0039,2,GR00251,2024-02-02 05:00:00,True
252,FO3,field_officer,view_t2_detail,ENT0231,2,GR00252,2024-08-03 21:00:00,True
253,FO1,field_officer,view_t2_detail,ENT0198,2,GR00253,2024-11-06 00:00:00,True
254,FO3,field_officer,view_t2_detail,ENT0202,2,GR00254,2026-06-05 05:00:00,True
255,FO5,field_officer,view_t2_detail,ENT0134,2,GR00255,2024-02-05 05:00:00,True
256,FO5,field_officer,view_t2_detail,ENT0188,2,GR00256,2025-09-01 04:00:00,True
257,FO1,field_officer,view_t2_detail,ENT0198,2,GR00257,2025-04-02 14:00:00,True
258,FO3,field_officer,view_t2_detail,ENT0250,2,GR00258,2025-05-06 05:00:00,True
259,FO6,field_officer,view_t2_detail,ENT0034,2,GR00259,2024-11-03 16:00:00,True
260,FO6,field_officer,view_t2_detail,ENT0141,2,GR00260,2024-03-02 04:00:00,True
261,FO4,field_officer,view_t2_detail,ENT0065,2,GR00261,2024-05-04 17:00:00,True
262,FO1,field_officer,view_t2_detail,ENT0151,2,GR00262,2023-12-01 15:00:00,True
263,FO1,field_officer,view_t2_detail,ENT0206,2,GR00263,2026-07-03 06:00:00,True
264,FO6,field_officer,view_t2_detail,ENT0140,2,GR00264,2026-06-05 23:00:00,True
265,FO6,field_officer,view_t2_detail,ENT0203,2,GR00265,2025-01-04 14:00:00,True
266,FO4,field_officer,view_t2_detail,ENT0035,2,GR00266,2023-12-03 08:00:00,True
267,FO3,field_officer,view_t2_detail,ENT0235,2,GR00267,2026-07-05 20:00:00,True
268,FO1,field_officer,view_t2_detail,ENT0177,2,GR00268,2025-05-05 05:00:00,True
269,FO1,field_officer,view_t2_detail,ENT0177,2,GR00269,2024-06-03 15:00:00,True
270,FO6,field_officer,view_t2_detail,ENT0016,2,GR00270,2024-07-03 22:00:00,True
271,FO2,field_officer,view_t2_detail,ENT0037,2,GR00271,2025-05-03 15:00:00,True
272,FO5,field_officer,view_t2_detail,ENT0160,2,GR00272,2024-12-05 08:00:00,True
273,FO2,field_officer,view_t2_detail,ENT0213,2,GR00273,2025-05-05 08:00:00,True
274,FO3,field_officer,view_t2_detail,ENT0216,2,GR00274,2025-05-04 15:00:00,True
275,FO5,field_officer,view_t2_detail,ENT0036,2,GR00275,2025-10-02 19:00:00,True
276,FO1,field_officer,view_t2_detail,ENT0180,2,GR00276,2025-09-06 04:00:00,True
277,FO5,field_officer,view_t2_detail,ENT0076,2,GR00277,2024-12-04 13:00:00,True
278,FO4,field_officer,view_t2_detail,ENT0189,2,GR00278,2026-03-05 18:00:00,True
279,FO6,field_officer,view_t2_detail,ENT0050,2,GR00279,2024-04-02 08:00:00,True
280,FO2,field_officer,view_t2_detail,ENT0089,2,GR00280,2024-05-03 05:00:00,True
281,FO4,field_officer,view_t2_detail,ENT0192,2,GR00281,2026-06-03 10:00:00,True
282,FO4,field_officer,view_t2_detail,ENT0039,2,GR00282,2025-09-05 07:00:00,True
283,FO1,field_officer,view_t2_detail,ENT0184,2,GR00283,2025-06-05 10:00:00,True
284,FO3,field_officer,view_t2_detail,ENT0007,2,GR00284,2024-05-06 01:00:00,True
285,FO5,field_officer,view_t2_detail,ENT0134,2,GR00285,2025-05-03 17:00:00,True
286,FO4,field_officer,view_t2_detail,ENT0189,2,GR00286,2024-01-04 08:00:00,True
287,FO6,field_officer,view_t2_detail,ENT0033,2,GR00287,2025-09-04 14:00:00,True
288,FO3,field_officer,view_t2_detail,ENT0104,2,GR00288,2025-10-03 12:00:00,True
289,FO6,field_officer,view_t2_detail,ENT0026,2,GR00289,2023-12-05 19:00:00,True
290,FO1,field_officer,view_t2_detail,ENT0199,2,GR00290,2026-04-05 18:00:00,True
291,FO6,field_officer,view_t2_detail,ENT0143,2,GR00291,2023-12-04 13:00:00,True
292,FO1,field_officer,view_t2_detail,ENT0031,2,GR00292,2024-06-03 13:00:00,True
293,FO4,field_officer,view_t2_detail,ENT0038,2,GR00293,2026-05-02 03:00:00,True
294,FO3,field_officer,view_t2_detail,ENT0202,2,GR00294,2025-09-05 09:00:00,True
295,FO4,field_officer,view_t2_detail,ENT0095,2,GR00295,2026-07-04 16:00:00,True
296,FO2,field_officer,view_t2_detail,ENT0079,2,GR00296,2023-12-03 05:00:00,True
297,FO4,field_officer,view_t2_detail,ENT0239,2,GR00297,2024-05-04 06:00:00,True
298,FO2,field_officer,view_t2_detail,ENT0174,2,GR00298,2024-07-02 18:00:00,True
299,FO1,field_officer,view_t2_detail,ENT0205,2,GR00299,2026-07-04 04:00:00,True
300,FO3,field_officer,view_t2_detail,ENT0074,2,GR00300,2026-05-02 16:00:00,True
301,FO2,field_officer,view_t2_detail,ENT0166,2,GR00301,2023-12-06 13:00:00,True
302,FO1,field_officer,view_t2_detail,ENT0184,2,GR00302,2025-08-06 22:00:00,True
303,FO6,field_officer,view_t2_detail,ENT0085,2,GR00303,2025-12-02 07:00:00,True
304,FO5,field_officer,view_t2_detail,ENT0036,2,GR00304,2024-07-04 03:00:00,True
305,FO2,field_officer,view_t2_detail,ENT0137,2,GR00305,2025-06-02 15:00:00,True
306,FO5,field_officer,view_t2_detail,ENT0161,2,GR00306,2024-02-03 15:00:00,True
307,FO5,field_officer,view_t2_detail,ENT0100,2,GR00307,2023-12-02 16:00:00,True
308,FO2,field_officer,view_t2_detail,ENT0116,2,GR00308,2024-09-06 17:00:00,True
309,FO6,field_officer,view_t2_detail,ENT0203,2,GR00309,2025-08-04 20:00:00,True
310,FO2,field_officer,view_t2_detail,ENT0037,2,GR00310,2026-04-05 00:00:00,True
311,FO3,field_officer,view_t2_detail,ENT0157,2,GR00311,2024-06-04 07:00:00,True
312,FO2,field_officer,view_t2_detail,ENT0028,2,GR00312,2026-06-04 22:00:00,True
313,FO1,field_officer,view_t2_detail,ENT0086,2,GR00313,2024-08-03 23:00:00,True
314,FO1,field_officer,view_t2_detail,ENT0151,2,GR00314,2026-05-03 05:00:00,True
315,FO6,field_officer,view_t2_detail,ENT0034,2,GR00315,2023-12-02 17:00:00,True
316,FO5,field_officer,view_t2_detail,ENT0149,2,GR00316,2025-09-04 15:00:00,True
317,FO5,field_officer,view_t2_detail,ENT0036,2,GR00317,2024-09-02 18:00:00,True
318,FO4,field_officer,view_t2_detail,ENT0003,2,GR00318,2026-05-01 15:00:00,True
319,FO4,field_officer,view_t2_detail,ENT0115,2,GR00319,2025-04-02 04:00:00,True
320,FO1,field_officer,view_t2_detail,ENT0109,2,GR00320,2024-04-03 10:00:00,True
321,FO3,field_officer,view_t2_detail,ENT0108,2,GR00321,2025-05-04 01:00:00,True
322,FO3,field_officer,view_t2_detail,ENT0007,2,GR00322,2025-05-04 07:00:00,True
323,FO3,field_officer,view_t2_detail,ENT0252,2,GR00323,2026-07-03 08:00:00,True
324,FO5,field_officer,view_t2_detail,ENT0233,2,GR00324,2026-05-03 17:00:00,True
325,FO4,field_officer,view_t2_detail,ENT0098,2,GR00325,2026-07-01 15:00:00,True
326,FO2,field_officer,view_t2_detail,ENT0155,2,GR00326,2026-07-04 21:00:00,True
327,FO3,field_officer,view_t2_detail,ENT0007,2,GR00327,2025-07-03 22:00:00,True
328,FO4,field_officer,view_t2_detail,ENT0090,2,GR00328,2026-05-03 14:00:00,True
329,FO3,field_officer,view_t2_detail,ENT0127,2,GR00329,2025-05-02 02:00:00,True
330,FO4,field_officer,view_t2_detail,ENT0091,2,GR00330,2024-07-03 00:00:00,True
331,FO3,field_officer,view_t2_detail,ENT0244,2,GR00331,2025-07-05 19:00:00,True
332,FO3,field_officer,view_t2_detail,ENT0231,2,GR00332,2026-05-04 15:00:00,True
333,FO1,field_officer,view_t2_detail,ENT0144,2,GR00333,2024-12-02 21:00:00,True
334,FO3,field_officer,view_t2_detail,ENT0157,2,GR00334,2024-02-01 05:00:00,True
