consent_id,enterprise_id,purpose,tier_granted,granted_at,expires_at,revoked_at,artifact_hash,basis,channel
CN0001,ENT0001,cash_flow_monitoring_and_credit_assessment,1,2023-08-11,2025-08-11,,7b702585c350a4a46055126495a6b0ac,DPDP_2023_consent,app
CN0002,ENT0002,cash_flow_monitoring_and_credit_assessment,1,2023-08-09,2025-08-09,,8c9dad0145d386b21bf4449577daf7b2,DPDP_2023_consent,app
CN0003,ENT0003,cash_flow_monitoring_and_credit_assessment,1,2023-08-19,2025-08-19,,6ef947ef2e82e79582e04b19de32c5a3,DPDP_2023_consent,app
CN0004,ENT0004,cash_flow_monitoring_and_credit_assessment,1,2023-08-08,2025-08-08,,49053e34465216964b32f2204ef4e54d,DPDP_2023_consent,app
CN0005,ENT0005,cash_flow_monitoring_and_credit_assessment,1,2023-08-05,2025-08-05,,5a186a48f13b38a3e57c40de75c56e8a,DPDP_2023_consent,app
CN0006,ENT0006,cash_flow_monitoring_and_credit_assessment,1,2023-08-18,2025-08-18,,37374c75ccff6b851d49c353d0d77bb7,DPDP_2023_consent,app
CN0007,ENT0007,cash_flow_monitoring_and_credit_assessment,1,2023-08-15,2025-08-15,2024-03-15,2532b7d9c1c8253907e1b148b080ef25,DPDP_2023_consent,app
CN0008,ENT0008,cash_flow_monitoring_and_credit_assessment,1,2023-08-09,2025-08-09,,ad4da871081e0d2124fb27a4b4c9580f,DPDP_2023_consent,app
CN0009,ENT0009,cash_flow_monitoring_and_credit_assessment,1,2023-08-11,2025-08-11,,81cc70ee9e98cac47f10f65394d43a7f,DPDP_2023_consent,app
CN0010,ENT0010,cash_flow_monitoring_and_credit_assessment,1,2023-08-12,2025-08-12,,29614d34dba9f7781280bc66971bdbfa,DPDP_2023_consent,assisted
CN0011,ENT0011,cash_flow_monitoring_and_credit_assessment,1,2023-08-08,2025-08-08,,5d65b5a35b0ba11f14d166a368427c2c,DPDP_2023_consent,app
CN0012,ENT0012,cash_flow_monitoring_and_credit_assessment,1,2023-08-17,2025-08-17,,6e5c3745c3549718a6197e8fa3d08b8d,DPDP_2023_consent,app
CN0013,ENT0013,cash_flow_monitoring_and_credit_assessment,1,2023-08-17,2025-08-17,,aacb1c80fb0dd816ec910803bb007aa3,DPDP_2023_consent,app
CN0014,ENT0014,cash_flow_monitoring_and_credit_assessment,1,2023-08-15,2025-08-15,,b570e10991391b05051d7105ee1756d9,DPDP_2023_consent,app
CN0015,ENT0015,cash_flow_monitoring_and_credit_assessment,1,2023-08-11,2025-08-11,,c13c78bbaad1ec0a5b042e80a5dd6fe8,DPDP_2023_consent,app
CN0016,ENT0016,cash_flow_monitoring_and_credit_assessment,1,2023-08-13,2025-08-13,,759b18465e7a341a2a334517d6c4afbf,DPDP_2023_consent,app
CN0017,ENT0017,cash_flow_monitoring_and_credit_assessment,1,2023-08-07,2025-08-07,2025-05-07,998444b986e4fce73be8603c582b766d,DPDP_2023_consent,app
CN0018,ENT0018,cash_flow_monitoring_and_credit_assessment,1,2023-08-11,2025-08-11,,139e4984740819327d2666e261923afd,DPDP_2023_consent,ivr
CN0019,ENT0019,cash_flow_monitoring_and_credit_assessment,1,2023-08-07,2025-08-07,,ce6c71bf7a58506644d8ab25f8e59e93,DPDP_2023_consent,app
CN0020,ENT0020,cash_flow_monitoring_and_credit_assessment,1,2023-08-02,2025-08-02,,d919e0546c76afb711da4a199dbfcf7f,DPDP_2023_consent,app
CN0021,ENT0021,cash_flow_monitoring_and_credit_assessment,1,2023-08-13,2025-08-13,,d77867eb2ffe3549f779f36b83e10089,DPDP_2023_consent,app
CN0022,ENT0022,cash_flow_monitoring_and_credit_assessment,1,2023-08-08,2025-08-08,,320fc960080653198a5872aa0d6fa22e,DPDP_2023_consent,app
CN0023,ENT0023,cash_flow_monitoring_and_credit_assessment,1,2023-08-14,2025-08-14,,913b01ba91f2a53d3e6f81f2c8697dd3,DPDP_2023_consent,app
CN0024,ENT0024,cash_flow_monitoring_and_credit_assessment,1,2023-08-05,2025-08-05,2024-11-05,152c3d389bb066f6ce0f51a5cb2dfe2c,DPDP_2023_consent,app
CN0025,ENT0025,cash_flow_monitoring_and_credit_assessment,1,2023-08-18,2025-08-18,,9f3785db13adee8aa1ca8242477c564a,DPDP_2023_consent,assisted
CN0026,ENT0026,cash_flow_monitoring_and_credit_assessment,1,2023-08-15,2025-08-15,,0cc47c08f70c8a8cb2da3b6bd8d62067,DPDP_2023_consent,app
CN0027,ENT0027,cash_flow_monitoring_and_credit_assessment,1,2023-08-15,2025-08-15,,5330010d7a286fff988a64d0d90d1b2b,DPDP_2023_consent,assisted
CN0028,ENT0028,cash_flow_monitoring_and_credit_assessment,1,2023-08-05,2025-08-05,,94f29ea1426cfc9fad868c013c9a3b83,DPDP_2023_consent,app
CN0029,ENT0029,cash_flow_monitoring_and_credit_assessment,1,2023-08-03,2025-08-03,,063af2cb073fb791a360c66def1bc224,DPDP_2023_consent,app
CN0030,ENT0030,cash_flow_monitoring_and_credit_assessment,1,2023-08-15,2025-08-15,,679a8825f7a3952bb01d0cd3ebb6d817,DPDP_2023_consent,app
CN0031,ENT0031,cash_flow_monitoring_and_credit_assessment,1,2023-08-11,2025-08-11,,dee521f60052d6862369fd06126e5729,DPDP_2023_consent,app
CN0032,ENT0032,cash_flow_monitoring_and_credit_assessment,1,2023-08-13,2025-08-13,,0723cd3e1b99a079e30af6daa28c471b,DPDP_2023_consent,app
CN0033,ENT0033,cash_flow_monitoring_and_credit_assessment,1,2023-08-06,2025-08-06,,3b82fb025caa6aa250450be3628d0840,DPDP_2023_consent,app
CN0034,ENT0034,cash_flow_monitoring_and_credit_assessment,1,2023-08-10,2025-08-10,,2f54bf5e8aeebad96afd98b10cf3099b,DPDP_2023_consent,assisted
CN0035,ENT0035,cash_flow_monitoring_and_credit_assessment,1,2023-08-16,2025-08-16,,bb18529dc0cd37352e04aa91dfe372bb,DPDP_2023_consent,app
CN0036,ENT0036,cash_flow_monitoring_and_credit_assessment,1,2023-08-09,2025-08-09,,7791c1c5f1a99a2dcdabc5aea6bd19cd,DPDP_2023_consent,app
CN0037,ENT0037,cash_flow_monitoring_and_credit_assessment,1,2023-08-18,2025-08-18,,551e07d8ea69c7de63e7ec983720eabf,DPDP_2023_consent,app
CN0038,ENT0038,cash_flow_monitoring_and_credit_assessment,1,2023-08-11,2025-08-11,,dcd8d61a9701d9c6086d0f21fa594186,DPDP_2023_consent,app
CN0039,ENT0039,cash_flow_monitoring_and_credit_assessment,1,2023-08-05,2025-08-05,,65f0ad2475dbd1d00029ab990d17013c,DPDP_2023_consent,app
CN0040,ENT0040,cash_flow_monitoring_and_credit_assessment,1,2023-08-06,2025-08-06,,22e60b8c99683ba55fafd5c47ccae57b,DPDP_2023_consent,app
CN0041,ENT0041,cash_flow_monitoring_and_credit_assessment,1,2023-08-07,2025-08-07,,868dbfa4401760f785d27af8256a0036,DPDP_2023_consent,app
CN0042,ENT0042,cash_flow_monitoring_and_credit_assessment,1,2023-08-16,2025-08-16,,7f1bab13fa81dce26c8c6c425826e22a,DPDP_2023_consent,app
CN0043,ENT0043,cash_flow_monitoring_and_credit_assessment,1,2023-08-05,2025-08-05,,953b12af069170e417266168209394a5,DPDP_2023_consent,app
CN0044,ENT0044,cash_flow_monitoring_and_credit_assessment,1,2023-08-05,2025-08-05,2025-03-05,cfa79e1f31b031428418ad0c9f0eceaa,DPDP_2023_consent,app
CN0045,ENT0045,cash_flow_monitoring_and_credit_assessment,1,2023-08-09,2025-08-09,,58489969e7f3d685ac5ffe56edda7bee,DPDP_2023_consent,app
CN0046,ENT0046,cash_flow_monitoring_and_credit_assessment,1,2023-08-14,2025-08-14,,0b409997a7f40df386c2961825ab27ab,DPDP_2023_consent,app
CN0047,ENT0047,cash_flow_monitoring_and_credit_assessment,1,2023-08-20,2025-08-20,,70c2fed86adb3baaef2c40ecc9bedd66,DPDP_2023_consent,app
CN0048,ENT0048,cash_flow_monitoring_and_credit_assessment,1,2023-08-14,2025-08-14,,b8e4280a60e8e63ad0f08d237a8d8576,DPDP_2023_consent,app
CN0049,ENT0049,cash_flow_monitoring_and_credit_assessment,1,2023-08-07,2025-08-07,,0e4f5571c50f24795290ee34a796c958,DPDP_2023_consent,app
CN0050,ENT0050,cash_flow_monitoring_and_credit_assessment,1,2023-08-20,2025-08-20,,ab9d6f489e1b7d9e33490be329a56f17,DPDP_2023_consent,app
CN0051,ENT0051,cash_flow_monitoring_and_credit_assessment,1,2023-08-17,2025-08-17,,8ecbd364d1b395d7267fcb4027272f9e,DPDP_2023_consent,app
CN0052,ENT0052,cash_flow_monitoring_and_credit_assessment,1,2023-08-14,2025-08-14,,8fe7dd821f676f3ed5c652443cce7a8e,DPDP_2023_consent,app
CN0053,ENT0053,cash_flow_monitoring_and_credit_assessment,1,2023-08-11,2025-08-11,,14938f74789283144622be1c69326530,DPDP_2023_consent,app
CN0054,ENT0054,cash_flow_monitoring_and_credit_assessment,1,2023-08-08,2025-08-08,,18cb9785169ef779381ea886954ec68b,DPDP_2023_consent,app
CN0055,ENT0055,cash_flow_monitoring_and_credit_assessment,1,2023-08-05,2025-08-05,,7e39509cfa9605e58dedf04608d98253,DPDP_2023_consent,app
CN0056,ENT0056,cash_flow_monitoring_and_credit_assessment,1,2023-08-13,2025-08-13,,bc8e74224df51369a14ed38fcff069bc,DPDP_2023_consent,app
CN0057,ENT0057,cash_flow_monitoring_and_credit_assessment,1,2023-08-08,2025-08-08,,2d65c57835eacc6aa39798b895ab6022,DPDP_2023_consent,app
CN0058,ENT0058,cash_flow_monitoring_and_credit_assessment,1,2023-08-13,2025-08-13,,027660e068c027c91da9d49b241ecc0c,DPDP_2023_consent,app
CN0059,ENT0059,cash_flow_monitoring_and_credit_assessment,1,2023-08-06,2025-08-06,,f97dda40e9055a69fbf2ff16558e4f6a,DPDP_2023_consent,app
CN0060,ENT0060,cash_flow_monitoring_and_credit_assessment,1,2023-08-11,2025-08-11,,2808975f7d98b3cb7d0453ee4ac1ade1,DPDP_2023_consent,app
CN0061,ENT0061,cash_flow_monitoring_and_credit_assessment,1,2023-08-16,2025-08-16,,6882194b5603a453ede25fe19a6745b3,DPDP_2023_consent,app
CN0062,ENT0062,cash_flow_monitoring_and_credit_assessment,1,2023-08-15,2025-08-15,,4788922b8f2923d5c068079ac868f6cf,DPDP_2023_consent,app
CN0063,ENT0063,cash_flow_monitoring_and_credit_assessment,1,2023-08-20,2025-08-20,,ccf2aa26796a153aa5f0e66c41b937ca,DPDP_2023_consent,ivr
CN0064,ENT0064,cash_flow_monitoring_and_credit_assessment,1,2023-08-02,2025-08-02,,8561850114862604d706baf0f019f94d,DPDP_2023_consent,app
CN0065,ENT0065,cash_flow_monitoring_and_credit_assessment,1,2023-08-19,2025-08-19,2024-10-19,8b8b892107f8f3aa31fab01731aa2dd7,DPDP_2023_consent,app
CN0066,ENT0066,cash_flow_monitoring_and_credit_assessment,1,2023-08-06,2025-08-06,,50633f19dd358a4667cc9cf78fafb85b,DPDP_2023_consent,app
CN0067,ENT0067,cash_flow_monitoring_and_credit_assessment,1,2023-08-08,2025-08-08,,4fdea4799168d200532629d0e3bffdba,DPDP_2023_consent,ivr
CN0068,ENT0068,cash_flow_monitoring_and_credit_assessment,1,2023-08-21,2025-08-21,,e839fc1447f26159aec2390805f7a2c8,DPDP_2023_consent,app
CN0069,ENT0069,cash_flow_monitoring_and_credit_assessment,1,2023-08-19,2025-08-19,,85cd4d9e5d6f60395ed17bfa79f5476e,DPDP_2023_consent,app
CN0070,ENT0070,cash_flow_monitoring_and_credit_assessment,1,2023-08-01,2025-08-01,,400e8749603a431e69b5a7ec961707bc,DPDP_2023_consent,app
CN0071,ENT0071,cash_flow_monitoring_and_credit_assessment,1,2023-08-16,2025-08-16,2024-09-16,18d8259d3f7d4b64b6d01f0fcfc9d294,DPDP_2023_consent,app
CN0072,ENT0072,cash_flow_monitoring_and_credit_assessment,1,2023-08-10,2025-08-10,,5fc14037acee3047c6e7a921cf4cad05,DPDP_2023_consent,app
CN0073,ENT0073,cash_flow_monitoring_and_credit_assessment,1,2023-08-08,2025-08-08,,b39a0ff87858e3f26c48615e4feb5fda,DPDP_2023_consent,app
CN0074,ENT0074,cash_flow_monitoring_and_credit_assessment,1,2023-08-11,2025-08-11,,bc85c09037e4ad06b6ca09eea72c05ac,DPDP_2023_consent,app
CN0075,ENT0075,cash_flow_monitoring_and_credit_assessment,1,2023-08-07,2025-08-07,,97bcf7e3e857f284c84f20527d2758d2,DPDP_2023_consent,app
CN0076,ENT0076,cash_flow_monitoring_and_credit_assessment,1,2023-08-21,2025-08-21,,39c4d5c9672b92c86b1d799cba4b1987,DPDP_2023_consent,app
CN0077,ENT0077,cash_flow_monitoring_and_credit_assessment,1,2023-08-11,2025-08-11,,a49830d3b4a87d3530a2709fdf25a64c,DPDP_2023_consent,app
CN0078,ENT0078,cash_flow_monitoring_and_credit_assessment,1,2023-08-03,2025-08-03,,e3661566d8d82322e82241685d1e1eb8,DPDP_2023_consent,app
CN0079,ENT0079,cash_flow_monitoring_and_credit_assessment,1,2023-08-05,2025-08-05,,35af309bd8013e7ef418ceb15afe8d15,DPDP_2023_consent,app
CN0080,ENT0080,cash_flow_monitoring_and_credit_assessment,1,2023-08-04,2025-08-04,,26fc19cab7bdd2d01dd002bb6aa3e305,DPDP_2023_consent,app
CN0081,ENT0081,cash_flow_monitoring_and_credit_assessment,1,2023-08-20,2025-08-20,,c01fb866c8450b201cae9b2d336a4193,DPDP_2023_consent,app
CN0082,ENT0082,cash_flow_monitoring_and_credit_assessment,1,2023-08-06,2025-08-06,,48716fd93c8ec1f251b6b49dff22d952,DPDP_2023_consent,app
CN0083,ENT0083,cash_flow_monitoring_and_credit_assessment,1,2023-08-09,2025-08-09,,2d0fa50ac9da9b74ca84b8e3a6c9b9da,DPDP_2023_consent,app
CN0084,ENT0084,cash_flow_monitoring_and_credit_assessment,1,2023-08-19,2025-08-19,,23d06c1645c42955992db1f7e59fbf45,DPDP_2023_consent,ivr
CN0085,ENT0085,cash_flow_monitoring_and_credit_assessment,1,2023-08-14,2025-08-14,,c11b723e1ad99e5bc90540b6cb628a23,DPDP_2023_consent,app
CN0086,ENT0086,cash_flow_monitoring_and_credit_assessment,1,2023-08-13,2025-08-13,,566af98d9fae21778d26eff4b06984e2,DPDP_2023_consent,app
CN0087,ENT0087,cash_flow_monitoring_and_credit_assessment,1,2023-08-21,2025-08-21,,5283acb4c38db47f0561e20f8e01b322,DPDP_2023_consent,ivr
CN0088,ENT0088,cash_flow_monitoring_and_credit_assessment,1,2023-08-14,2025-08-14,,ace5fa48350a220fa193670373cf388c,DPDP_2023_consent,app
CN0089,ENT0089,cash_flow_monitoring_and_credit_assessment,1,2023-08-21,2025-08-21,,dcd416b09a4e9d995a1f13f054bb1402,DPDP_2023_consent,app
CN0090,ENT0090,cash_flow_monitoring_and_credit_assessment,1,2023-08-10,2025-08-10,,da27532a05cec3a3add7c2d8f5855c76,DPDP_2023_consent,app
CN0091,ENT0091,cash_flow_monitoring_and_credit_assessment,1,2023-08-02,2025-08-02,,6ac68446ba566becbe220a4012cf815c,DPDP_2023_consent,app
CN0092,ENT0092,cash_flow_monitoring_and_credit_assessment,1,2023-08-07,2025-08-07,,a667e0c4a3705d86bcf4bc5956800709,DPDP_2023_consent,app
CN0093,ENT0093,cash_flow_monitoring_and_credit_assessment,1,2023-08-19,2025-08-19,,a60fa5b089aad10512b5c659061b1713,DPDP_2023_consent,app
CN0094,ENT0094,cash_flow_monitoring_and_credit_assessment,1,2023-08-12,2025-08-12,,4b5f3edd12b807abf57017a98a4f2f11,DPDP_2023_consent,app
CN0095,ENT0095,cash_flow_monitoring_and_credit_assessment,1,2023-08-15,2025-08-15,,e8fc395d38b9418aea4604173f5428e6,DPDP_2023_consent,app
CN0096,ENT0096,cash_flow_monitoring_and_credit_assessment,1,2023-08-17,2025-08-17,,ab5fd9c908c412afc5776213a8af956c,DPDP_2023_consent,app
CN0097,ENT0097,cash_flow_monitoring_and_credit_assessment,1,2023-08-04,2025-08-04,,dafaf6215afeeab8f940513c3867f026,DPDP_2023_consent,app
CN0098,ENT0098,cash_flow_monitoring_and_credit_assessment,1,2023-08-09,2025-08-09,,179e438d6961c79ba11b0b0ad2560d9e,DPDP_2023_consent,app
CN0099,ENT0099,cash_flow_monitoring_and_credit_assessment,1,2023-08-10,2025-08-10,,4176c2d98e271ae99fb42456ff065349,DPDP_2023_consent,app
CN0100,ENT0100,cash_flow_monitoring_and_credit_assessment,1,2023-08-19,2025-08-19,,6549073428e917d8de644944b25baf8d,DPDP_2023_consent,app
CN0101,ENT0101,cash_flow_monitoring_and_credit_assessment,1,2023-08-14,2025-08-14,,070a3fc1b55353d51345d0af484a41e3,DPDP_2023_consent,app
CN0102,ENT0102,cash_flow_monitoring_and_credit_assessment,1,2023-08-08,2025-08-08,,21929bf56cec6cd83492bd6fce3d11a0,DPDP_2023_consent,ivr
CN0103,ENT0103,cash_flow_monitoring_and_credit_assessment,1,2023-08-05,2025-08-05,,9cc5f170406fbb8d16e6f78f6aaeac33,DPDP_2023_consent,assisted
CN0104,ENT0104,cash_flow_monitoring_and_credit_assessment,1,2023-08-18,2025-08-18,,dad036b5db939a85528d0c0689764e56,DPDP_2023_consent,app
CN0105,ENT0105,cash_flow_monitoring_and_credit_assessment,1,2023-08-10,2025-08-10,,2844a096db9c0e0d5a111d0bbf85bc86,DPDP_2023_consent,assisted
CN0106,ENT0106,cash_flow_monitoring_and_credit_assessment,1,2023-08-01,2025-08-01,,8ee989952e8c4474cde911d48dbe70ab,DPDP_2023_consent,app
CN0107,ENT0107,cash_flow_monitoring_and_credit_assessment,1,2023-08-19,2025-08-19,,77f1f14945552bc4f1c6032549ad7eb3,DPDP_2023_consent,app
CN0108,ENT0108,cash_flow_monitoring_and_credit_assessment,1,2023-08-10,2025-08-10,,3c85cffcb28753ea702def14b662e224,DPDP_2023_consent,app
CN0109,ENT0109,cash_flow_monitoring_and_credit_assessment,1,2023-08-14,2025-08-14,,f65d24eb22bc5781535b64657435d2eb,DPDP_2023_consent,app
CN0110,ENT0110,cash_flow_monitoring_and_credit_assessment,1,2023-08-14,2025-08-14,,2ea50cec9427d5b6aadd432be51c4296,DPDP_2023_consent,ivr
CN0111,ENT0111,cash_flow_monitoring_and_credit_assessment,1,2023-08-06,2025-08-06,,512efc8130e94966f7d3a526b448d8e0,DPDP_2023_consent,assisted
CN0112,ENT0112,cash_flow_monitoring_and_credit_assessment,1,2023-08-02,2025-08-02,,cab87c7ed6c1740c860c8fcc850c1a11,DPDP_2023_consent,app
CN0113,ENT0113,cash_flow_monitoring_and_credit_assessment,1,2023-08-20,2025-08-20,,b66594c9a59ea3792cd291e250a8fd40,DPDP_2023_consent,app
CN0114,ENT0114,cash_flow_monitoring_and_credit_assessment,1,2023-08-01,2025-08-01,,e24fd9e0cd6d9d24cf31dfd0700858f4,DPDP_2023_consent,app
CN0115,ENT0115,cash_flow_monitoring_and_credit_assessment,1,2023-08-11,2025-08-11,,60164898e8dda317340f1f2d038d6cbe,DPDP_2023_consent,app
CN0116,ENT0116,cash_flow_monitoring_and_credit_assessment,1,2023-08-19,2025-08-19,,78e50a4380b353c97534a8e9586ed351,DPDP_2023_consent,app
CN0117,ENT0117,cash_flow_monitoring_and_credit_assessment,1,2023-08-15,2025-08-15,,45a22438cdf0b8673f6885a5c260f413,DPDP_2023_consent,app
CN0118,ENT0118,cash_flow_monitoring_and_credit_assessment,1,2023-08-12,2025-08-12,,3333613412a93950b2aab66c98cdd5c5,DPDP_2023_consent,app
CN0119,ENT0119,cash_flow_monitoring_and_credit_assessment,1,2023-08-11,2025-08-11,,801dc88f1937c51adaf5c8937e77f10b,DPDP_2023_consent,app
CN0120,ENT0120,cash_flow_monitoring_and_credit_assessment,1,2023-08-04,2025-08-04,,d4d68b6865fed58effb9796898409cce,DPDP_2023_consent,app
CN0121,ENT0121,cash_flow_monitoring_and_credit_assessment,1,2023-08-06,2025-08-06,,251fc6627deb25c2bf826b01198288f3,DPDP_2023_consent,ivr
CN0122,ENT0122,cash_flow_monitoring_and_credit_assessment,1,2023-08-15,2025-08-15,,04243aaabbdc60c2d8b95f868f3e9867,DPDP_2023_consent,app
CN0123,ENT0123,cash_flow_monitoring_and_credit_assessment,1,2023-08-20,2025-08-20,,62cb04068f14add4d6b098724f9ed666,DPDP_2023_consent,app
CN0124,ENT0124,cash_flow_monitoring_and_credit_assessment,1,2023-08-10,2025-08-10,,f5d18b655509f871d4102c7aab193f7e,DPDP_2023_consent,app
CN0125,ENT0125,cash_flow_monitoring_and_credit_assessment,1,2023-08-01,2025-08-01,,a754c6531ddfe572a9c239bd7cee3737,DPDP_2023_consent,app
CN0126,ENT0126,cash_flow_monitoring_and_credit_assessment,1,2023-08-12,2025-08-12,,8787b5fffd2d6631209b452c42f4c9e5,DPDP_2023_consent,app
CN0127,ENT0127,cash_flow_monitoring_and_credit_assessment,1,2023-08-10,2025-08-10,,373babef523e3d8cb06fb99e95a5b2d8,DPDP_2023_consent,app
CN0128,ENT0128,cash_flow_monitoring_and_credit_assessment,1,2023-08-11,2025-08-11,,162a81605344b79bac765f6f1d8a40a9,DPDP_2023_consent,app
CN0129,ENT0129,cash_flow_monitoring_and_credit_assessment,1,2023-08-18,2025-08-18,,fb5e30478e7f72975e8137fa16895abb,DPDP_2023_consent,app
CN0130,ENT0130,cash_flow_monitoring_and_credit_assessment,1,2023-08-01,2025-08-01,,89c44e6d22eafc62b4b08bed322fc34a,DPDP_2023_consent,assisted
CN0131,ENT0131,cash_flow_monitoring_and_credit_assessment,1,2023-08-08,2025-08-08,,cd5b81a87935618fec087dd67d40cbc2,DPDP_2023_consent,app
CN0132,ENT0132,cash_flow_monitoring_and_credit_assessment,1,2023-08-13,2025-08-13,,abe27546b5c1c19ea7bb0104fcfe6f7c,DPDP_2023_consent,app
CN0133,ENT0133,cash_flow_monitoring_and_credit_assessment,1,2023-08-04,2025-08-04,,5763e0c63c7b77a45ae6b1284f9b4b21,DPDP_2023_consent,app
CN0134,ENT0134,cash_flow_monitoring_and_credit_assessment,1,2023-08-19,2025-08-19,,b14270a6bf184ec4a3c3babc39a273e1,DPDP_2023_consent,app
CN0135,ENT0135,cash_flow_monitoring_and_credit_assessment,1,2023-08-03,2025-08-03,,f1509265184ea29092314b242ce5c818,DPDP_2023_consent,app
CN0136,ENT0136,cash_flow_monitoring_and_credit_assessment,1,2023-08-11,2025-08-11,,5a3b20d813692503717567d6ddf32a29,DPDP_2023_consent,app
CN0137,ENT0137,cash_flow_monitoring_and_credit_assessment,1,2023-08-15,2025-08-15,,6bcd0f6c320209345cdd22aa7ee8999e,DPDP_2023_consent,app
CN0138,ENT0138,cash_flow_monitoring_and_credit_assessment,1,2023-08-09,2025-08-09,,65fe850560b03afefaf13391ec5aaea0,DPDP_2023_consent,assisted
CN0139,ENT0139,cash_flow_monitoring_and_credit_assessment,1,2023-08-09,2025-08-09,,f0f8d3f23fddcb0dec9006b57aa08142,DPDP_2023_consent,app
CN0140,ENT0140,cash_flow_monitoring_and_credit_assessment,1,2023-08-14,2025-08-14,,da969efd242c91d4dac83bbfaa06f89a,DPDP_2023_consent,app
CN0141,ENT0141,cash_flow_monitoring_and_credit_assessment,1,2023-08-06,2025-08-06,,894b595439efb0027dee7e56fc42d6fd,DPDP_2023_consent,app
CN0142,ENT0142,cash_flow_monitoring_and_credit_assessment,1,2023-08-11,2025-08-11,,cf40931ab2788f5d7a158d48bff2d5a9,DPDP_2023_consent,app
CN0143,ENT0143,cash_flow_monitoring_and_credit_assessment,1,2023-08-10,2025-08-10,,3dc2e8cef3eb71f861ebd8c3732bd0d7,DPDP_2023_consent,app
CN0144,ENT0144,cash_flow_monitoring_and_credit_assessment,1,2023-08-13,2025-08-13,,467499b10d55d4ef13a439fc11400f49,DPDP_2023_consent,app
CN0145,ENT0145,cash_flow_monitoring_and_credit_assessment,1,2023-08-10,2025-08-10,,6b4e72f153c7a53973d8c1565134711d,DPDP_2023_consent,ivr
CN0146,ENT0146,cash_flow_monitoring_and_credit_assessment,1,2023-08-01,2025-08-01,,9980a6df4ec4d2c15a43aac521f16779,DPDP_2023_consent,app
CN0147,ENT0147,cash_flow_monitoring_and_credit_assessment,1,2023-08-03,2025-08-03,,b38ce65e08a937275b337c4dc09efc63,DPDP_2023_consent,app
CN0148,ENT0148,cash_flow_monitoring_and_credit_assessment,1,2023-08-16,2025-08-16,,ca028f388a5356eaa33f33a5291879cc,DPDP_2023_consent,app
CN0149,ENT0149,cash_flow_monitoring_and_credit_assessment,1,2023-08-21,2025-08-21,,10b27c71c3de802957a32283fe82da75,DPDP_2023_consent,assisted
CN0150,ENT0150,cash_flow_monitoring_and_credit_assessment,1,2023-08-15,2025-08-15,,52ce6e41345788a7c7acddb6b86ee31e,DPDP_2023_consent,app
CN0151,ENT0151,cash_flow_monitoring_and_credit_assessment,1,2023-08-17,2025-08-17,,a8081ef2b720dc21dd7a410e6fec67ff,DPDP_2023_consent,app
CN0152,ENT0152,cash_flow_monitoring_and_credit_assessment,1,2023-08-20,2025-08-20,,7a235e8d587d09d63b36f3cfe43dfbfe,DPDP_2023_consent,app
CN0153,ENT0153,cash_flow_monitoring_and_credit_assessment,1,2023-08-19,2025-08-19,,fc603e19f67d7e3354429ccc90d99f15,DPDP_2023_consent,app
CN0154,ENT0154,cash_flow_monitoring_and_credit_assessment,1,2023-08-05,2025-08-05,,3ef67fd4d29f864ee0a61086d30691b3,DPDP_2023_consent,app
CN0155,ENT0155,cash_flow_monitoring_and_credit_assessment,1,2023-08-10,2025-08-10,,1c66a80d264a9f64bb3a23d51477b423,DPDP_2023_consent,app
CN0156,ENT0156,cash_flow_monitoring_and_credit_assessment,1,2023-08-09,2025-08-09,,8d15817e64f579fbe7978a52658195a9,DPDP_2023_consent,app
CN0157,ENT0157,cash_flow_monitoring_and_credit_assessment,1,2023-08-03,2025-08-03,,958d7cebc4827eb71d900dae01add830,DPDP_2023_consent,app
CN0158,ENT0158,cash_flow_monitoring_and_credit_assessment,1,2023-08-03,2025-08-03,,eedd2201f529891595560bc1b54ee769,DPDP_2023_consent,app
CN0159,ENT0159,cash_flow_monitoring_and_credit_assessment,1,2023-08-09,2025-08-09,,4dfefa5c57e0a7c17cb64ff8f0e79acf,DPDP_2023_consent,app
CN0160,ENT0160,cash_flow_monitoring_and_credit_assessment,1,2023-08-10,2025-08-10,,1f3963034859331cd4e644eaf73c7a4a,DPDP_2023_consent,app
CN0161,ENT0161,cash_flow_monitoring_and_credit_assessment,1,2023-08-16,2025-08-16,,7f3d02bde41d966448bbd7047f09a6b9,DPDP_2023_consent,assisted
CN0162,ENT0162,cash_flow_monitoring_and_credit_assessment,1,2023-08-20,2025-08-20,,5cd8b273ddd553615392448ed8af6508,DPDP_2023_consent,app
CN0163,ENT0163,cash_flow_monitoring_and_credit_assessment,1,2023-08-11,2025-08-11,,e38f4cce6509f6c8e703835183bb75d6,DPDP_2023_consent,app
CN0164,ENT0164,cash_flow_monitoring_and_credit_assessment,1,2023-08-08,2025-08-08,,c06e7d7c933113858ea1c29449ef3125,DPDP_2023_consent,app
CN0165,ENT0165,cash_flow_monitoring_and_credit_assessment,1,2023-08-07,2025-08-07,,7a657f2989b811116aa0cff2d57c2eab,DPDP_2023_consent,ivr
CN0166,ENT0166,cash_flow_monitoring_and_credit_assessment,1,2023-08-21,2025-08-21,,b11ee1229e495194b12dcc26976e62ff,DPDP_2023_consent,app
CN0167,ENT0167,cash_flow_monitoring_and_credit_assessment,1,2023-08-14,2025-08-14,,d9e251e7c839600dde3e0a21f0e336ff,DPDP_2023_consent,app
CN0168,ENT0168,cash_flow_monitoring_and_credit_assessment,1,2023-08-19,2025-08-19,,e978b34d9e04ea8aa7134c1fc6da8215,DPDP_2023_consent,app
CN0169,ENT0169,cash_flow_monitoring_and_credit_assessment,1,2023-08-20,2025-08-20,,fc4b8efe77889119d2bb8109e42d8b31,DPDP_2023_consent,app
CN0170,ENT0170,cash_flow_monitoring_and_credit_assessment,1,2023-08-17,2025-08-17,,412b798fbe1849c1167343686d552c5f,DPDP_2023_consent,app
CN0171,ENT0171,cash_flow_monitoring_and_credit_assessment,1,2023-08-01,2025-08-01,,cb59d3c9c2d83d0a08d8e5a20c2ed846,DPDP_2023_consent,app
CN0172,ENT0172,cash_flow_monitoring_and_credit_assessment,1,2023-08-14,2025-08-14,,fa75bc8430401f3e2193d5565e0f6feb,DPDP_2023_consent,app
CN0173,ENT0173,cash_flow_monitoring_and_credit_assessment,1,2023-08-11,2025-08-11,,c3bcd0bd896ea4f812815f1784975897,DPDP_2023_consent,app
CN0174,ENT0174,cash_flow_monitoring_and_credit_assessment,1,2023-08-16,2025-08-16,,285fa02c5b42cf41646c2c7a35dbb03e,DPDP_2023_consent,app
CN0175,ENT0175,cash_flow_monitoring_and_credit_assessment,1,2023-08-09,2025-08-09,,895cf0dd1dec221c10dbf5cf1e05aa3c,DPDP_2023_consent,app
CN0176,ENT0176,cash_flow_monitoring_and_credit_assessment,1,2023-08-03,2025-08-03,,99d778655ba181cc56bb2f0f1433b408,DPDP_2023_consent,app
CN0177,ENT0177,cash_flow_monitoring_and_credit_assessment,1,2023-08-02,2025-08-02,,af19b7a2bd5ee64be17aeaf0c8747050,DPDP_2023_consent,app
CN0178,ENT0178,cash_flow_monitoring_and_credit_assessment,1,2023-08-04,2025-08-04,,1ac0841abedd3476c7aea6770dabebde,DPDP_2023_consent,app
CN0179,ENT0179,cash_flow_monitoring_and_credit_assessment,1,2023-08-11,2025-08-11,2024-12-11,07d329c690b4bbb06e27302d5b26533b,DPDP_2023_consent,app
CN0180,ENT0180,cash_flow_monitoring_and_credit_assessment,1,2023-08-03,2025-08-03,,ec25ff736b45c9aa6b9b2f64ff18ff87,DPDP_2023_consent,app
CN0181,ENT0181,cash_flow_monitoring_and_credit_assessment,1,2023-08-19,2025-08-19,,5385105f55e332e22d1ec5b4999cb55d,DPDP_2023_consent,app
CN0182,ENT0182,cash_flow_monitoring_and_credit_assessment,1,2023-08-17,2025-08-17,,e932f0ecee4e6cb7ce0dc97440cfe59a,DPDP_2023_consent,app
CN0183,ENT0183,cash_flow_monitoring_and_credit_assessment,1,2023-08-11,2025-08-11,,ada05ac0cf0fb98cb3d3439ee05a4765,DPDP_2023_consent,app
CN0184,ENT0184,cash_flow_monitoring_and_credit_assessment,1,2023-08-08,2025-08-08,,5cc2403aba74a4105eccc7f4543e4cc6,DPDP_2023_consent,app
CN0185,ENT0185,cash_flow_monitoring_and_credit_assessment,1,2023-08-05,2025-08-05,,00046b52e5e598afc1f0b76ba3def4d3,DPDP_2023_consent,app
CN0186,ENT0186,cash_flow_monitoring_and_credit_assessment,1,2023-08-09,2025-08-09,,cb5967a76fdcfbbf3f6f0520f8eaae41,DPDP_2023_consent,app
CN0187,ENT0187,cash_flow_monitoring_and_credit_assessment,1,2023-08-21,2025-08-21,,518ae9216ffbe9f9d00b9c7ec5de2c52,DPDP_2023_consent,app
CN0188,ENT0188,cash_flow_monitoring_and_credit_assessment,1,2023-08-21,2025-08-21,,a2c6e52f6e723eaf80edc928e096c1b0,DPDP_2023_consent,app
CN0189,ENT0189,cash_flow_monitoring_and_credit_assessment,1,2023-08-11,2025-08-11,,5cad3ab1eba5f5ac3efb6950a68a97b9,DPDP_2023_consent,app
CN0190,ENT0190,cash_flow_monitoring_and_credit_assessment,1,2023-08-11,2025-08-11,,82040bd0128b70ba95cc41b7eceaa18c,DPDP_2023_consent,app
CN0191,ENT0191,cash_flow_monitoring_and_credit_assessment,1,2023-08-15,2025-08-15,,68b97d91feffc0643374acdf57a2a6ea,DPDP_2023_consent,app
CN0192,ENT0192,cash_flow_monitoring_and_credit_assessment,1,2023-08-16,2025-08-16,,ecf2dc54782aae9dc0462a7b5782b2a5,DPDP_2023_consent,app
CN0193,ENT0193,cash_flow_monitoring_and_credit_assessment,1,2023-08-19,2025-08-19,,421525b445db04afe7127791f3be017e,DPDP_2023_consent,app
CN0194,ENT0194,cash_flow_monitoring_and_credit_assessment,1,2023-08-08,2025-08-08,,63a3d65f3ffa04cf462b37e1c6f68169,DPDP_2023_consent,app
CN0195,ENT0195,cash_flow_monitoring_and_credit_assessment,1,2023-08-09,2025-08-09,,3c12d695986bc73608571a089a67965e,DPDP_2023_consent,app
CN0196,ENT0196,cash_flow_monitoring_and_credit_assessment,1,2023-08-01,2025-08-01,,0f12f929b34f1e6d310ffd7c5830f08d,DPDP_2023_consent,app
CN0197,ENT0197,cash_flow_monitoring_and_credit_assessment,1,2023-08-21,2025-08-21,,9a042b668a34a609dcea076c5d328aaf,DPDP_2023_consent,app
CN0198,ENT0198,cash_flow_monitoring_and_credit_assessment,1,2023-08-14,2025-08-14,,f7755a855e16d19fbb853276a4d8ddde,DPDP_2023_consent,app
CN0199,ENT0199,cash_flow_monitoring_and_credit_assessment,1,2023-08-10,2025-08-10,,48016d098b18c0ae8ebfadd899b62c94,DPDP_2023_consent,app
CN0200,ENT0200,cash_flow_monitoring_and_credit_assessment,1,2023-08-14,2025-08-14,,badd3ee0a4709e1398ed22b43ab1d83c,DPDP_2023_consent,app
CN0201,ENT0201,cash_flow_monitoring_and_credit_assessment,1,2023-08-06,2025-08-06,,fd3c0f06d067349191e982526248efee,DPDP_2023_consent,app
CN0202,ENT0202,cash_flow_monitoring_and_credit_assessment,1,2023-08-09,2025-08-09,,758a6f27124b9ce3a9e0320cee42a062,DPDP_2023_consent,app
CN0203,ENT0203,cash_flow_monitoring_and_credit_assessment,1,2023-08-02,2025-08-02,,f6cf901bc018e12efc48928434ae04d9,DPDP_2023_consent,ivr
CN0204,ENT0204,cash_flow_monitoring_and_credit_assessment,1,2023-08-08,2025-08-08,,87a784f52dc49cff156a08caebd7fe9d,DPDP_2023_consent,app
CN0205,ENT0205,cash_flow_monitoring_and_credit_assessment,1,2023-08-05,2025-08-05,,f98a079e02abffc4c4314d50d5bc22a6,DPDP_2023_consent,app
CN0206,ENT0206,cash_flow_monitoring_and_credit_assessment,1,2023-08-05,2025-08-05,,9991174cf3033369f2c794946f71862f,DPDP_2023_consent,app
CN0207,ENT0207,cash_flow_monitoring_and_credit_assessment,1,2023-08-04,2025-08-04,,9cec76a12226acc31a2837000a1f40f7,DPDP_2023_consent,assisted
CN0208,ENT0208,cash_flow_monitoring_and_credit_assessment,1,2023-08-04,2025-08-04,,aa8a1a7adfc3c136299d28c128444bcf,DPDP_2023_consent,app
CN0209,ENT0209,cash_flow_monitoring_and_credit_assessment,1,2023-08-05,2025-08-05,,07494587d484a1e49d798e59392b80d2,DPDP_2023_consent,app
CN0210,ENT0210,cash_flow_monitoring_and_credit_assessment,1,2023-08-19,2025-08-19,,7884c68fdccde8262d625a48978ec089,DPDP_2023_consent,app
CN0211,ENT0211,cash_flow_monitoring_and_credit_assessment,1,2023-08-15,2025-08-15,,94f5403208d10ec55671652c9ce72198,DPDP_2023_consent,app
CN0212,ENT0212,cash_flow_monitoring_and_credit_assessment,1,2023-08-07,2025-08-07,,db8733f105283e9bd72a69829b2db8db,DPDP_2023_consent,app
CN0213,ENT0213,cash_flow_monitoring_and_credit_assessment,1,2023-08-02,2025-08-02,,406fbfb698218425f9913aa72923d059,DPDP_2023_consent,app
CN0214,ENT0214,cash_flow_monitoring_and_credit_assessment,1,2023-08-14,2025-08-14,,f87ef895f76e29c42832d1b17bda4b13,DPDP_2023_consent,app
CN0215,ENT0215,cash_flow_monitoring_and_credit_assessment,1,2023-08-03,2025-08-03,,e94eca6f13f167cac7552e8237b3f212,DPDP_2023_consent,app
CN0216,ENT0216,cash_flow_monitoring_and_credit_assessment,1,2023-08-20,2025-08-20,,d68bf07761cbb3faa8ed4bf01ce476fd,DPDP_2023_consent,app
CN0217,ENT0217,cash_flow_monitoring_and_credit_assessment,1,2023-08-09,2025-08-09,,5a9394fc9524afdbbfdb06e41671a6f3,DPDP_2023_consent,app
CN0218,ENT0218,cash_flow_monitoring_and_credit_assessment,1,2023-08-20,2025-08-20,,44f76f8af5af259e256c8c45dc89b029,DPDP_2023_consent,app
CN0219,ENT0219,cash_flow_monitoring_and_credit_assessment,1,2023-08-03,2025-08-03,,7b502e2620f6713a7eba09a1f7cd8bae,DPDP_2023_consent,app
CN0220,ENT0220,cash_flow_monitoring_and_credit_assessment,1,2023-08-11,2025-08-11,,7a3b855b04bea3e18b5bc8612452d9c9,DPDP_2023_consent,assisted
CN0221,ENT0221,cash_flow_monitoring_and_credit_assessment,1,2023-08-07,2025-08-07,,e6e314bfba6b024345ecb539878045b0,DPDP_2023_consent,app
CN0222,ENT0222,cash_flow_monitoring_and_credit_assessment,1,2023-08-17,2025-08-17,,3c14cd69825a643dc8a1a8438547b1e0,DPDP_2023_consent,app
CN0223,ENT0223,cash_flow_monitoring_and_credit_assessment,1,2023-08-06,2025-08-06,,800c491dd101b5e7821442391c0e8a36,DPDP_2023_consent,app
CN0224,ENT0224,cash_flow_monitoring_and_credit_assessment,1,2023-08-05,2025-08-05,,392788309c01b5a01f5a1b8918ba28b3,DPDP_2023_consent,assisted
CN0225,ENT0225,cash_flow_monitoring_and_credit_assessment,1,2023-08-06,2025-08-06,,4dad17bdac18de2d134d8103e3f68c1c,DPDP_2023_consent,app
CN0226,ENT0226,cash_flow_monitoring_and_credit_assessment,1,2023-08-19,2025-08-19,,d20cde8ff43749635a0903950f4d4069,DPDP_2023_consent,app
CN0227,ENT0227,cash_flow_monitoring_and_credit_assessment,1,2023-08-20,2025-08-20,,17b74daef7f66d63aae2accdd4491388,DPDP_2023_consent,app
CN0228,ENT0228,cash_flow_monitoring_and_credit_assessment,1,2023-08-20,2025-08-20,,6a41d2b9b561f6a52738e45a66f064d0,DPDP_2023_consent,app
CN0229,ENT0229,cash_flow_monitoring_and_credit_assessment,1,2023-08-03,2025-08-03,,af47f43fa9f6da005f4c6ebfd85ef09c,DPDP_2023_consent,app
CN0230,ENT0230,cash_flow_monitoring_and_credit_assessment,1,2023-08-20,2025-08-20,,c033e56e16e04aa402b9dfe4cc7ef37b,DPDP_2023_consent,app
CN0231,ENT0231,cash_flow_monitoring_and_credit_assessment,1,2023-08-11,2025-08-11,,aa5fae7318c1cbe690ce409612d8cc57,DPDP_2023_consent,app
CN0232,ENT0232,cash_flow_monitoring_and_credit_assessment,1,2023-08-18,2025-08-18,,e323250c763de0eaa8c0a20241169544,DPDP_2023_consent,app
CN0233,ENT0233,cash_flow_monitoring_and_credit_assessment,1,2023-08-08,2025-08-08,,581f81f220c27ecd4130cd15534bea23,DPDP_2023_consent,app
CN0234,ENT0234,cash_flow_monitoring_and_credit_assessment,1,2023-08-02,2025-08-02,,3912be017e1897c01f6dd15d3facee1c,DPDP_2023_consent,app
CN0235,ENT0235,cash_flow_monitoring_and_credit_assessment,1,2023-08-04,2025-08-04,2025-05-04,eb456c24db7fb7e5effbbef4782a71f7,DPDP_2023_consent,app
CN0236,ENT0236,cash_flow_monitoring_and_credit_assessment,1,2023-08-20,2025-08-20,,9ca7a8b284e1c24acaae5b4a003ddacd,DPDP_2023_consent,assisted
CN0237,ENT0237,cash_flow_monitoring_and_credit_assessment,1,2023-08-02,2025-08-02,,3cd5ffdd992944cfd4ba98f6d1e32e59,DPDP_2023_consent,app
CN0238,ENT0238,cash_flow_monitoring_and_credit_assessment,1,2023-08-09,2025-08-09,,9d7f2d7a674dadd9a7f6ba9ca8a0afd7,DPDP_2023_consent,app
CN0239,ENT0239,cash_flow_monitoring_and_credit_assessment,1,2023-08-17,2025-08-17,,129831f39db843a87fba39570b81e54d,DPDP_2023_consent,app
CN0240,ENT0240,cash_flow_monitoring_and_credit_assessment,1,2023-08-07,2025-08-07,,fbc9623a13014ec2fd5af727014e8ced,DPDP_2023_consent,app
CN0241,ENT0241,cash_flow_monitoring_and_credit_assessment,1,2023-08-07,2025-08-07,,c784fd84bbf9ce52c3f8dac1235c43a9,DPDP_2023_consent,app
CN0242,ENT0242,cash_flow_monitoring_and_credit_assessment,1,2023-08-02,2025-08-02,,7fb779785d2ab38a3eb07511d848df17,DPDP_2023_consent,app
CN0243,ENT0243,cash_flow_monitoring_and_credit_assessment,1,2023-08-21,2025-08-21,,ad246878ac42df00348db3594e56bb5f,DPDP_2023_consent,app
CN0244,ENT0244,cash_flow_monitoring_and_credit_assessment,1,2023-08-06,2025-08-06,,5c2514561e7e2753f55179f89aabb3d9,DPDP_2023_consent,app
CN0245,ENT0245,cash_flow_monitoring_and_credit_assessment,1,2023-08-21,2025-08-21,,0d5cde5506df6ad7db02f52238f3f4d5,DPDP_2023_consent,app
CN0246,ENT0246,cash_flow_monitoring_and_credit_assessment,1,2023-08-20,2025-08-20,,a3ffbf3316cbde27d84b193605c94e65,DPDP_2023_consent,ivr
CN0247,ENT0247,cash_flow_monitoring_and_credit_assessment,1,2023-08-04,2025-08-04,,cb6befaca528802ee6b12b70445e368c,DPDP_2023_consent,app
CN0248,ENT0248,cash_flow_monitoring_and_credit_assessment,1,2023-08-06,2025-08-06,,7091bf18f6f9858d2da0cad71ec8f4ab,DPDP_2023_consent,ivr
CN0249,ENT0249,cash_flow_monitoring_and_credit_assessment,1,2023-08-14,2025-08-14,,03d3c3cd4985fa18c667d0513cfb23e4,DPDP_2023_consent,app
CN0250,ENT0250,cash_flow_monitoring_and_credit_assessment,1,2023-08-21,2025-08-21,,4f6a167633255fb899f594fe4a65c634,DPDP_2023_consent,app
CN0251,ENT0251,cash_flow_monitoring_and_credit_assessment,1,2023-08-11,2025-08-11,,8b84b246b2c4084703977e5e8ab98076,DPDP_2023_consent,app
CN0252,ENT0252,cash_flow_monitoring_and_credit_assessment,1,2023-08-13,2025-08-13,,85d261a0da43e75056d13a963e2fd504,DPDP_2023_consent,assisted
