enterprise_id,proprietor_name,business_name,age,sub_type_id,sub_type,sector,district_id,district,state,agro_zone,block,lat,lon,preferred_lang,preferred_channel,literacy,shared_device,officer_id,shg_id,onboarded_on,baseline_turnover,sim_health_latent,digital_share_start,digital_share_slope,sim_stress_script,is_named_persona
ENT0001,Jyotiben Patel,Jai Gopal Dairy,39,ST01,Dairy Producer,DAIRY,1,Anand,Gujarat,Middle Gujarat Alluvial Plain,Anand West,-0.02185,0.2146,gu,app,low,True,FO1,SHG01035,2023-08-11,786.0,marginal,0.302,0.1031,,False
ENT0002,Bornali Kalita,Sri Mahila SHG Foods,43,ST07,SHG Food Processing Unit,FOODPROC,5,Nagaon,Assam,Central Brahmaputra Valley,Nagaon East,-0.22887,-0.15275,as,app,low,True,FO5,SHG05009,2023-08-09,2837.0,robust,0.579,0.0477,,False
ENT0003,Archana Kulkarni,Shree Annapurna Unit,36,ST07,SHG Food Processing Unit,FOODPROC,4,Kolhapur,Maharashtra,Western Maharashtra Ghat Zone,Kolhapur East,0.34748,0.0017,mr,app,numerate,True,FO4,,2023-08-19,2864.0,marginal,0.664,0.1011,,False
ENT0004,Sujatha Naidu,Sri Krishi FPO,31,ST06,FPO / Agri Aggregator,FOODPROC,3,Nizamabad,Telangana,Northern Telangana Zone,Nizamabad South,0.24727,-0.05277,te,app,numerate,False,FO3,SHG03011,2023-08-08,3845.0,fragile,0.561,0.1148,,False
ENT0005,Mohan Regar,Shree Taant Ghar,51,ST03,Handloom Weaver,HANDICRAFT,2,Bhilwara,Rajasthan,Semi-Arid Eastern Rajasthan,Bhilwara Rural,-0.02319,-0.01598,hi,app,low,False,FO2,SHG02032,2023-08-05,1355.0,robust,0.342,0.1003,,False
ENT0006,Suresh Mudiraj,Shree Gopal Dairy,56,ST01,Dairy Producer,DAIRY,3,Nizamabad,Telangana,Northern Telangana Zone,Nizamabad North,-0.22082,0.15585,te,app,low,False,FO3,SHG03025,2023-08-18,1912.0,marginal,0.591,0.0857,,False
ENT0007,Anjaneyulu Naidu,Nav Vegetable Cart,36,ST09,Vegetable Vendor,RETAIL,3,Nizamabad,Telangana,Northern Telangana Zone,Nizamabad Rural,0.01264,0.00788,te,app,numerate,True,FO3,SHG03017,2023-08-15,2911.0,fragile,0.543,0.1092,,False
ENT0008,Niranjan Mohanty,Sri Sabzi Stall,46,ST09,Vegetable Vendor,RETAIL,6,Ganjam,Odisha,East Coastal Odisha,Ganjam South,-0.15501,0.28438,or,app,numerate,False,FO6,SHG06039,2023-08-09,5364.0,robust,0.485,0.0986,,False
ENT0009,Rohini Kadam,Shree Krishi FPO,47,ST06,FPO / Agri Aggregator,FOODPROC,4,Kolhapur,Maharashtra,Western Maharashtra Ghat Zone,Kolhapur East,-0.3495,0.29118,mr,app,medium,True,FO4,SHG04004,2023-08-11,10372.0,robust,0.312,0.0743,,False
ENT0010,Sarita Jat,Nav Fresh Greens,42,ST09,Vegetable Vendor,RETAIL,2,Bhilwara,Rajasthan,Semi-Arid Eastern Rajasthan,Bhilwara North,-0.00979,0.32301,hi,assisted,low,True,FO2,SHG02001,2023-08-12,4584.0,robust,0.129,0.0269,,False
ENT0011,Sarita Sharma,Sri Terracotta Unit,56,ST04,Pottery / Terracotta Unit,HANDICRAFT,2,Bhilwara,Rajasthan,Semi-Arid Eastern Rajasthan,Bhilwara East,-0.09644,0.20664,hi,app,medium,False,FO2,SHG02011,2023-08-08,450.0,marginal,0.644,0.0522,,False
ENT0012,Manisha More,Maa Annapurna Unit,49,ST07,SHG Food Processing Unit,FOODPROC,4,Kolhapur,Maharashtra,Western Maharashtra Ghat Zone,Kolhapur West,0.25616,0.19248,mr,app,medium,True,FO4,SHG04031,2023-08-17,2647.0,marginal,0.624,0.0745,,False
ENT0013,Dipali Das,Shree Weavers Unit,42,ST03,Handloom Weaver,HANDICRAFT,5,Nagaon,Assam,Central Brahmaputra Valley,Nagaon North,-0.14374,-0.2179,as,app,numerate,True,FO5,SHG05003,2023-08-17,1086.0,robust,0.309,0.1048,,False
ENT0014,Dakshaben Patel,Shree Tailors,32,ST05,Tailoring Unit,HANDICRAFT,1,Anand,Gujarat,Middle Gujarat Alluvial Plain,Anand Rural,0.04613,0.13127,gu,app,medium,False,FO1,,2023-08-15,731.0,marginal,0.55,0.0635,,False
ENT0015,Purabi Saikia,Nav Mahila SHG Foods,47,ST07,SHG Food Processing Unit,FOODPROC,5,Nagaon,Assam,Central Brahmaputra Valley,Nagaon West,0.31998,0.05773,as,app,medium,False,FO5,,2023-08-11,2188.0,marginal,0.639,0.0534,,False
ENT0016,Kuni Nayak,Nav Weavers Unit,42,ST03,Handloom Weaver,HANDICRAFT,6,Ganjam,Odisha,East Coastal Odisha,Ganjam North,0.07929,-0.27493,or,app,medium,False,FO6,,2023-08-13,830.0,marginal,0.586,0.0903,,False
ENT0017,Dhruba Kalita,Shree Murgi Palan,25,ST02,Poultry Unit (broiler),POULTRY,5,Nagaon,Assam,Central Brahmaputra Valley,Nagaon Rural,0.18704,-0.01122,as,app,numerate,False,FO5,,2023-08-07,3248.0,robust,0.442,0.0761,,False
ENT0018,Anjali Hazarika,Maa General Stores,58,ST08,Kirana Store,RETAIL,5,Nagaon,Assam,Central Brahmaputra Valley,Nagaon North,0.23434,0.04086,as,ivr,medium,True,FO5,SHG05038,2023-08-11,2529.0,fragile,0.045,0.0248,,False
ENT0019,Suresh Naidu,Jai Poultry Farm,44,ST02,Poultry Unit (broiler),POULTRY,3,Nizamabad,Telangana,Northern Telangana Zone,Nizamabad East,-0.2439,-0.29825,te,app,medium,False,FO3,,2023-08-07,2544.0,robust,0.602,0.1242,,False
ENT0020,Purabi Das,Maa Farmer Producer Co,43,ST06,FPO / Agri Aggregator,FOODPROC,5,Nagaon,Assam,Central Brahmaputra Valley,Nagaon East,-0.16226,0.25112,as,app,medium,True,FO5,SHG05034,2023-08-02,6316.0,robust,0.583,0.139,,False
ENT0021,Savitri Jat,Maa Taant Ghar,45,ST03,Handloom Weaver,HANDICRAFT,2,Bhilwara,Rajasthan,Semi-Arid Eastern Rajasthan,Bhilwara North,0.17837,-0.05255,hi,app,numerate,True,FO2,,2023-08-13,880.0,robust,0.442,0.0911,,False
ENT0022,Dakshaben Vaghela,Shree Dairy,48,ST01,Dairy Producer,DAIRY,1,Anand,Gujarat,Middle Gujarat Alluvial Plain,Anand Rural,-0.29797,-0.13694,gu,app,low,True,FO1,,2023-08-08,1221.0,robust,0.404,0.0772,,False
ENT0023,Archana Kulkarni,Sri Sabzi Stall,26,ST09,Vegetable Vendor,RETAIL,4,Kolhapur,Maharashtra,Western Maharashtra Ghat Zone,Kolhapur West,0.2559,0.00869,mr,app,numerate,True,FO4,,2023-08-14,1824.0,robust,0.592,0.0616,,False
ENT0024,Venkatesh Reddy,Jai Murgi Palan,47,ST02,Poultry Unit (broiler),POULTRY,3,Nizamabad,Telangana,Northern Telangana Zone,Nizamabad South,0.08229,-0.30518,te,app,medium,True,FO3,,2023-08-05,2295.0,robust,0.299,0.0803,,False
ENT0025,Anjaneyulu Rao,Sri Provision Store,55,ST08,Kirana Store,RETAIL,3,Nizamabad,Telangana,Northern Telangana Zone,Nizamabad North,-0.19682,-0.08787,te,assisted,low,True,FO3,SHG03008,2023-08-18,3275.0,robust,0.088,0.0155,,False
ENT0026,Anjali Sahu,Shree Swasahayata Foods,57,ST07,SHG Food Processing Unit,FOODPROC,6,Ganjam,Odisha,East Coastal Odisha,Ganjam North,0.32846,-0.09865,or,app,medium,False,FO6,SHG06009,2023-08-15,2100.0,marginal,0.293,0.0613,,False
ENT0027,Pramila Pradhan,Maa General Stores,24,ST08,Kirana Store,RETAIL,6,Ganjam,Odisha,East Coastal Odisha,Ganjam North,0.12429,-0.10418,or,assisted,medium,True,FO6,SHG06033,2023-08-15,4456.0,robust,0.085,0.0187,,False
ENT0028,Sarita Regar,Shree Dairy,32,ST01,Dairy Producer,DAIRY,2,Bhilwara,Rajasthan,Semi-Arid Eastern Rajasthan,Bhilwara East,0.08709,-0.20254,hi,app,medium,False,FO2,SHG02021,2023-08-05,691.0,marginal,0.717,0.1071,,False
ENT0029,Kalpana Patil,Nav Vegetable Cart,34,ST09,Vegetable Vendor,RETAIL,4,Kolhapur,Maharashtra,Western Maharashtra Ghat Zone,Kolhapur East,0.27726,-0.28644,mr,app,low,True,FO4,SHG04019,2023-08-03,1573.0,robust,0.648,0.0689,,False
ENT0030,Lakshmiben Rathod,Jai Gopal Dairy,60,ST01,Dairy Producer,DAIRY,1,Anand,Gujarat,Middle Gujarat Alluvial Plain,Anand East,0.16402,0.032,gu,app,numerate,False,FO1,SHG01029,2023-08-15,1385.0,robust,0.676,0.0422,,False
ENT0031,Lakshmiben Patel,Lakshmiben Gopal Dairy,38,ST01,Dairy Producer,DAIRY,1,Anand,Gujarat,Middle Gujarat Alluvial Plain,Anand Rural,-0.33593,0.10222,gu,app,low,True,FO1,SHG01028,2023-08-11,1180.0,marginal,0.34,0.1,dairy_margin_squeeze,True
ENT0032,Sabita Mohanty,Maa General Stores,48,ST08,Kirana Store,RETAIL,6,Ganjam,Odisha,East Coastal Odisha,Ganjam South,-0.24686,-0.09917,or,app,low,False,FO6,SHG06003,2023-08-13,2124.0,robust,0.295,0.0864,,False
ENT0033,Jagabandhu Behera,Shree Poultry Farm,25,ST02,Poultry Unit (broiler),POULTRY,6,Ganjam,Odisha,East Coastal Odisha,Ganjam East,-0.12021,-0.14549,or,app,medium,False,FO6,SHG06015,2023-08-06,4762.0,marginal,0.327,0.0836,,False
ENT0034,Kuni Nayak,Shree Swasahayata Foods,36,ST07,SHG Food Processing Unit,FOODPROC,6,Ganjam,Odisha,East Coastal Odisha,Ganjam East,0.21946,-0.02853,or,assisted,numerate,False,FO6,SHG06017,2023-08-10,3095.0,marginal,0.022,0.0262,,False
ENT0035,Rohini Kadam,Maa Handloom,48,ST03,Handloom Weaver,HANDICRAFT,4,Kolhapur,Maharashtra,Western Maharashtra Ghat Zone,Kolhapur North,0.07327,0.12957,mr,app,medium,True,FO4,,2023-08-16,1054.0,fragile,0.442,0.0771,,False
ENT0036,Rupali Hazarika,Sri Boutique,39,ST05,Tailoring Unit,HANDICRAFT,5,Nagaon,Assam,Central Brahmaputra Valley,Nagaon South,-0.15615,-0.13339,as,app,medium,False,FO5,SHG05011,2023-08-09,1138.0,fragile,0.515,0.0612,,False
ENT0037,Banwari Meena,Jai Tailors,31,ST05,Tailoring Unit,HANDICRAFT,2,Bhilwara,Rajasthan,Semi-Arid Eastern Rajasthan,Bhilwara East,-0.32127,0.22835,hi,app,medium,False,FO2,SHG02020,2023-08-18,638.0,robust,0.359,0.0411,,False
ENT0038,Archana More,Maa Gopal Dairy,26,ST01,Dairy Producer,DAIRY,4,Kolhapur,Maharashtra,Western Maharashtra Ghat Zone,Kolhapur Rural,-0.03609,0.27903,mr,app,low,False,FO4,,2023-08-11,1490.0,fragile,0.386,0.1087,,False
ENT0039,Kalpana Kadam,Jai Handloom,58,ST03,Handloom Weaver,HANDICRAFT,4,Kolhapur,Maharashtra,Western Maharashtra Ghat Zone,Kolhapur West,0.08036,-0.17314,mr,app,medium,False,FO4,,2023-08-05,904.0,marginal,0.34,0.1228,,False
ENT0040,Mridula Saikia,Jai Mahila SHG Foods,54,ST07,SHG Food Processing Unit,FOODPROC,5,Nagaon,Assam,Central Brahmaputra Valley,Nagaon West,0.15254,-0.29577,as,app,low,False,FO5,SHG05028,2023-08-06,1881.0,robust,0.315,0.1351,,False
ENT0041,Pushpa Kumhar,Shree Broiler Unit,56,ST02,Poultry Unit (broiler),POULTRY,2,Bhilwara,Rajasthan,Semi-Arid Eastern Rajasthan,Bhilwara South,0.17879,-0.33004,hi,app,low,False,FO2,SHG02032,2023-08-07,2071.0,robust,0.297,0.0425,,False
ENT0042,Shubhangi Kulkarni,Sri Dudh Utpadak,35,ST01,Dairy Producer,DAIRY,4,Kolhapur,Maharashtra,Western Maharashtra Ghat Zone,Kolhapur West,-0.08829,0.19997,mr,app,medium,False,FO4,SHG04030,2023-08-16,879.0,robust,0.687,0.0855,,False
ENT0043,Niranjan Behera,Shree Annapurna Unit,47,ST07,SHG Food Processing Unit,FOODPROC,6,Ganjam,Odisha,East Coastal Odisha,Ganjam Rural,-0.11954,-0.22367,or,app,medium,False,FO6,SHG06002,2023-08-05,2291.0,robust,0.459,0.1179,,False
ENT0044,Radha Jat,Maa Dairy,54,ST01,Dairy Producer,DAIRY,2,Bhilwara,Rajasthan,Semi-Arid Eastern Rajasthan,Bhilwara North,-0.06072,0.24213,hi,app,low,False,FO2,SHG02009,2023-08-05,1493.0,robust,0.632,0.0655,,False
ENT0045,Srinivas Yadav,Nav Poultry Farm,57,ST02,Poultry Unit (broiler),POULTRY,3,Nizamabad,Telangana,Northern Telangana Zone,Nizamabad West,0.20323,0.23479,te,app,numerate,True,FO3,SHG03027,2023-08-09,2755.0,robust,0.341,0.0887,,False
ENT0046,Lakshmi Naidu,Nav Kirana Store,37,ST08,Kirana Store,RETAIL,3,Nizamabad,Telangana,Northern Telangana Zone,Nizamabad South,-0.23854,-0.2577,te,app,medium,False,FO3,SHG03025,2023-08-14,4164.0,robust,0.33,0.0501,,False
ENT0047,Ram Lal Kumhar,Shree General Stores,48,ST08,Kirana Store,RETAIL,2,Bhilwara,Rajasthan,Semi-Arid Eastern Rajasthan,Bhilwara North,-0.08531,0.16946,hi,app,low,False,FO2,SHG02016,2023-08-20,3405.0,marginal,0.662,0.1375,,False
ENT0048,Anita More,Maa Silai Kendra,37,ST05,Tailoring Unit,HANDICRAFT,4,Kolhapur,Maharashtra,Western Maharashtra Ghat Zone,Kolhapur North,0.32332,0.14267,mr,app,low,False,FO4,,2023-08-14,579.0,marginal,0.453,0.089,,False
ENT0049,Dipali Bora,Nav Handloom,44,ST03,Handloom Weaver,HANDICRAFT,5,Nagaon,Assam,Central Brahmaputra Valley,Nagaon East,-0.30995,-0.1024,as,app,low,True,FO5,,2023-08-07,1136.0,fragile,0.567,0.0705,,False
ENT0050,Trilochan Nayak,Nav Agri Producer Co,26,ST06,FPO / Agri Aggregator,FOODPROC,6,Ganjam,Odisha,East Coastal Odisha,Ganjam Rural,0.30875,0.22594,or,app,numerate,False,FO6,SHG06020,2023-08-20,4934.0,fragile,0.501,0.0855,,False
ENT0051,Rekha Meena,Sri Kumhar Kala,25,ST04,Pottery / Terracotta Unit,HANDICRAFT,2,Bhilwara,Rajasthan,Semi-Arid Eastern Rajasthan,Bhilwara East,0.24874,0.06377,hi,app,medium,True,FO2,SHG02013,2023-08-17,404.0,robust,0.372,0.1056,,False
ENT0052,Dipali Saikia,Shree Dudh Utpadak,40,ST01,Dairy Producer,DAIRY,5,Nagaon,Assam,Central Brahmaputra Valley,Nagaon Rural,-0.32125,-0.33646,as,app,low,True,FO5,SHG05009,2023-08-14,1966.0,robust,0.414,0.0702,,False
ENT0053,Rupali Hazarika,Maa Tailors,24,ST05,Tailoring Unit,HANDICRAFT,5,Nagaon,Assam,Central Brahmaputra Valley,Nagaon West,0.25693,0.05554,as,app,low,False,FO5,,2023-08-11,666.0,robust,0.454,0.0976,,False
ENT0054,Rohini Patil,Sri Dudh Utpadak,34,ST01,Dairy Producer,DAIRY,4,Kolhapur,Maharashtra,Western Maharashtra Ghat Zone,Kolhapur West,0.28063,0.1876,mr,app,medium,False,FO4,SHG04006,2023-08-08,765.0,robust,0.512,0.1317,,False
ENT0055,Anjali Das,Maa Boutique,54,ST05,Tailoring Unit,HANDICRAFT,5,Nagaon,Assam,Central Brahmaputra Valley,Nagaon Rural,-0.19522,-0.02445,as,app,numerate,False,FO5,SHG05032,2023-08-05,635.0,robust,0.569,0.0888,,False
ENT0056,Dineshbhai Chaudhari,Shree General Stores,30,ST08,Kirana Store,RETAIL,1,Anand,Gujarat,Middle Gujarat Alluvial Plain,Anand South,-0.10775,-0.27194,gu,app,medium,False,FO1,SHG01007,2023-08-13,4774.0,robust,0.349,0.0735,,False
ENT0057,Lakshmi Rao,Nav Swasahayata Foods,47,ST07,SHG Food Processing Unit,FOODPROC,3,Nizamabad,Telangana,Northern Telangana Zone,Nizamabad South,0.29543,0.12158,te,app,medium,False,FO3,SHG03006,2023-08-08,3160.0,robust,0.469,0.0825,,False
ENT0058,Kiritbhai Vaghela,Maa Annapurna Unit,49,ST07,SHG Food Processing Unit,FOODPROC,1,Anand,Gujarat,Middle Gujarat Alluvial Plain,Anand Rural,-0.30182,-0.27284,gu,app,low,False,FO1,SHG01025,2023-08-13,3337.0,robust,0.284,0.111,,False
ENT0059,Suresh Mudiraj,Sri Krishi FPO,46,ST06,FPO / Agri Aggregator,FOODPROC,3,Nizamabad,Telangana,Northern Telangana Zone,Nizamabad South,0.29368,0.28727,te,app,numerate,False,FO3,SHG03016,2023-08-06,4764.0,robust,0.318,0.121,,False
ENT0060,Popat Kulkarni,Nav Vegetable Cart,51,ST09,Vegetable Vendor,RETAIL,4,Kolhapur,Maharashtra,Western Maharashtra Ghat Zone,Kolhapur East,0.0429,0.09574,mr,app,medium,False,FO4,SHG04025,2023-08-11,3189.0,robust,0.294,0.0885,,False
ENT0061,Manisha More,Shree Kirana Store,53,ST08,Kirana Store,RETAIL,4,Kolhapur,Maharashtra,Western Maharashtra Ghat Zone,Kolhapur Rural,0.27498,-0.25472,mr,app,medium,True,FO4,,2023-08-16,5283.0,fragile,0.649,0.1332,,False
ENT0062,Anjali Kalita,Jai Dudh Utpadak,41,ST01,Dairy Producer,DAIRY,5,Nagaon,Assam,Central Brahmaputra Valley,Nagaon North,0.1608,0.34229,as,app,low,True,FO5,SHG05001,2023-08-15,2000.0,robust,0.459,0.1173,,False
ENT0063,Sasmita Behera,Jai Vegetable Cart,60,ST09,Vegetable Vendor,RETAIL,6,Ganjam,Odisha,East Coastal Odisha,Ganjam Rural,0.15114,-0.29404,or,ivr,medium,True,FO6,SHG06035,2023-08-20,1234.0,robust,0.124,0.0081,,False
ENT0064,Anjali Kalita,Jai Murgi Palan,60,ST02,Poultry Unit (broiler),POULTRY,5,Nagaon,Assam,Central Brahmaputra Valley,Nagaon South,0.11393,0.00163,as,app,medium,True,FO5,SHG05037,2023-08-02,4476.0,robust,0.318,0.0729,,False
ENT0065,Popat Patil,Jai Farmer Producer Co,44,ST06,FPO / Agri Aggregator,FOODPROC,4,Kolhapur,Maharashtra,Western Maharashtra Ghat Zone,Kolhapur East,0.20201,-0.01458,mr,app,low,True,FO4,,2023-08-19,4285.0,fragile,0.317,0.1392,,False
ENT0066,Jayantibhai Solanki,Shree Dudh Utpadak,39,ST01,Dairy Producer,DAIRY,1,Anand,Gujarat,Middle Gujarat Alluvial Plain,Anand North,0.16472,-0.06776,gu,app,low,False,FO1,,2023-08-06,881.0,robust,0.633,0.1262,,False
ENT0067,Sunita Devi,Sunita Kumhar Kala,52,ST04,Pottery / Terracotta Unit,HANDICRAFT,2,Bhilwara,Rajasthan,Semi-Arid Eastern Rajasthan,Bhilwara East,-0.23915,0.19035,hi,ivr,low,False,FO2,,2023-08-08,520.0,fragile,0.05,0.01,handicraft_buyer_default,True
ENT0068,Trilochan Pradhan,Nav Kirana Store,31,ST08,Kirana Store,RETAIL,6,Ganjam,Odisha,East Coastal Odisha,Ganjam North,-0.20526,0.34099,or,app,medium,True,FO6,SHG06033,2023-08-21,5058.0,robust,0.67,0.0574,,False
ENT0069,Sarita Kumhar,Jai Taant Ghar,44,ST03,Handloom Weaver,HANDICRAFT,2,Bhilwara,Rajasthan,Semi-Arid Eastern Rajasthan,Bhilwara East,0.16186,-0.0313,hi,app,low,False,FO2,SHG02010,2023-08-19,1059.0,robust,0.455,0.0529,,False
ENT0070,Hemanta Kalita,Nav Agri Producer Co,46,ST06,FPO / Agri Aggregator,FOODPROC,5,Nagaon,Assam,Central Brahmaputra Valley,Nagaon North,0.33054,0.33465,as,app,numerate,False,FO5,SHG05031,2023-08-01,4187.0,robust,0.454,0.0697,,False
ENT0071,Ram Lal Devi,Shree General Stores,49,ST08,Kirana Store,RETAIL,2,Bhilwara,Rajasthan,Semi-Arid Eastern Rajasthan,Bhilwara Rural,-0.00296,0.20309,hi,app,numerate,False,FO2,,2023-08-16,2009.0,robust,0.586,0.0709,,False
ENT0072,Anjali Nayak,Sri Pottery Works,34,ST04,Pottery / Terracotta Unit,HANDICRAFT,6,Ganjam,Odisha,East Coastal Odisha,Ganjam Rural,0.31193,-0.21972,or,app,medium,False,FO6,SHG06002,2023-08-10,550.0,marginal,0.58,0.1177,,False
ENT0073,Jyothi Goud,Jai Mahila SHG Foods,55,ST07,SHG Food Processing Unit,FOODPROC,3,Nizamabad,Telangana,Northern Telangana Zone,Nizamabad North,0.08647,-0.08776,te,app,numerate,True,FO3,SHG03036,2023-08-08,3156.0,robust,0.682,0.1321,,False
ENT0074,Venkatesh Goud,Sri Agri Producer Co,36,ST06,FPO / Agri Aggregator,FOODPROC,3,Nizamabad,Telangana,Northern Telangana Zone,Nizamabad West,0.23392,-0.06377,te,app,medium,False,FO3,SHG03027,2023-08-11,4582.0,marginal,0.599,0.1232,,False
ENT0075,Niranjan Nayak,Shree Murgi Palan,27,ST02,Poultry Unit (broiler),POULTRY,6,Ganjam,Odisha,East Coastal Odisha,Ganjam West,0.00254,-0.24724,or,app,medium,False,FO6,,2023-08-07,7759.0,marginal,0.351,0.0822,,False
ENT0076,Rupali Saikia,Shree Taant Ghar,46,ST03,Handloom Weaver,HANDICRAFT,5,Nagaon,Assam,Central Brahmaputra Valley,Nagaon Rural,0.04761,0.04021,as,app,medium,False,FO5,SHG05027,2023-08-21,908.0,marginal,0.704,0.103,,False
ENT0077,Nilima Saikia,Nav Handloom,31,ST03,Handloom Weaver,HANDICRAFT,5,Nagaon,Assam,Central Brahmaputra Valley,Nagaon North,0.17978,-0.24602,as,app,medium,True,FO5,SHG05020,2023-08-11,1161.0,robust,0.71,0.0573,,False
ENT0078,Pranab Kalita,Sri Vegetable Cart,35,ST09,Vegetable Vendor,RETAIL,5,Nagaon,Assam,Central Brahmaputra Valley,Nagaon East,-0.07579,-0.08142,as,app,numerate,False,FO5,,2023-08-03,1460.0,marginal,0.441,0.108,,False
ENT0079,Meera Devi,Maa Silai Kendra,43,ST05,Tailoring Unit,HANDICRAFT,2,Bhilwara,Rajasthan,Semi-Arid Eastern Rajasthan,Bhilwara North,-0.22315,-0.14661,hi,app,low,True,FO2,SHG02015,2023-08-05,983.0,marginal,0.629,0.0556,,False
ENT0080,Sujatha Yadav,Jai Dairy,25,ST01,Dairy Producer,DAIRY,3,Nizamabad,Telangana,Northern Telangana Zone,Nizamabad South,-0.13771,0.3119,te,app,low,False,FO3,,2023-08-04,1174.0,fragile,0.691,0.0603,,False
ENT0081,Sushma More,Shree Dairy,29,ST01,Dairy Producer,DAIRY,4,Kolhapur,Maharashtra,Western Maharashtra Ghat Zone,Kolhapur North,-0.0344,0.34749,mr,app,medium,True,FO4,SHG04030,2023-08-20,1692.0,robust,0.345,0.0945,,False
ENT0082,Archana Patil,Maa Dairy,28,ST01,Dairy Producer,DAIRY,4,Kolhapur,Maharashtra,Western Maharashtra Ghat Zone,Kolhapur West,-0.20259,-0.14169,mr,app,medium,False,FO4,SHG04022,2023-08-06,695.0,robust,0.585,0.1197,,False
ENT0083,Dineshbhai Solanki,Jai Krishi FPO,35,ST06,FPO / Agri Aggregator,FOODPROC,1,Anand,Gujarat,Middle Gujarat Alluvial Plain,Anand North,0.26838,-0.28067,gu,app,numerate,True,FO1,,2023-08-09,6639.0,fragile,0.472,0.1194,,False
ENT0084,Rohini More,Jai Boutique,28,ST05,Tailoring Unit,HANDICRAFT,4,Kolhapur,Maharashtra,Western Maharashtra Ghat Zone,Kolhapur East,0.06627,0.23499,mr,ivr,low,True,FO4,SHG04015,2023-08-19,1142.0,robust,0.073,0.0116,,False
ENT0085,Prafulla Pradhan,Maa Murgi Palan,38,ST02,Poultry Unit (broiler),POULTRY,6,Ganjam,Odisha,East Coastal Odisha,Ganjam East,0.00257,-0.15571,or,app,numerate,False,FO6,SHG06034,2023-08-14,3405.0,fragile,0.442,0.0454,,False
ENT0086,Jyotiben Rathod,Maa Dairy,41,ST01,Dairy Producer,DAIRY,1,Anand,Gujarat,Middle Gujarat Alluvial Plain,Anand North,0.34322,0.11448,gu,app,medium,False,FO1,SHG01016,2023-08-13,1474.0,robust,0.553,0.1166,,False
ENT0087,Kokilaben Rathod,Nav Dairy,32,ST01,Dairy Producer,DAIRY,1,Anand,Gujarat,Middle Gujarat Alluvial Plain,Anand North,-0.34554,0.09272,gu,ivr,medium,False,FO1,SHG01016,2023-08-21,1381.0,robust,0.097,0.0075,,False
ENT0088,Narayana Rao,Jai Provision Store,42,ST08,Kirana Store,RETAIL,3,Nizamabad,Telangana,Northern Telangana Zone,Nizamabad Rural,-0.26921,0.04288,te,app,medium,True,FO3,SHG03034,2023-08-14,3663.0,marginal,0.611,0.0629,,False
ENT0089,Savitri Sharma,Jai Dairy,58,ST01,Dairy Producer,DAIRY,2,Bhilwara,Rajasthan,Semi-Arid Eastern Rajasthan,Bhilwara North,-0.32872,0.16225,hi,app,low,False,FO2,SHG02030,2023-08-21,948.0,marginal,0.718,0.0481,,False
ENT0090,Popat Kadam,Shree Annapurna Unit,44,ST07,SHG Food Processing Unit,FOODPROC,4,Kolhapur,Maharashtra,Western Maharashtra Ghat Zone,Kolhapur East,-0.1227,0.05838,mr,app,medium,False,FO4,,2023-08-10,2310.0,robust,0.425,0.0791,,False
ENT0091,Rohini Kadam,Nav Dudh Utpadak,46,ST01,Dairy Producer,DAIRY,4,Kolhapur,Maharashtra,Western Maharashtra Ghat Zone,Kolhapur West,-0.30009,0.15312,mr,app,numerate,True,FO4,SHG04034,2023-08-02,1137.0,fragile,0.42,0.0785,,False
ENT0092,Mahendrabhai Desai,Maa General Stores,31,ST08,Kirana Store,RETAIL,1,Anand,Gujarat,Middle Gujarat Alluvial Plain,Anand West,-0.271,0.12862,gu,app,medium,False,FO1,SHG01033,2023-08-07,4385.0,robust,0.57,0.1192,,False
ENT0093,Nabin Hazarika,Shree Vegetable Cart,58,ST09,Vegetable Vendor,RETAIL,5,Nagaon,Assam,Central Brahmaputra Valley,Nagaon South,0.30649,-0.1944,as,app,numerate,False,FO5,SHG05014,2023-08-19,2304.0,marginal,0.432,0.1336,,False
ENT0094,Bornali Nath,Sri Swasahayata Foods,44,ST07,SHG Food Processing Unit,FOODPROC,5,Nagaon,Assam,Central Brahmaputra Valley,Nagaon East,0.08307,-0.03448,as,app,medium,False,FO5,SHG05036,2023-08-12,1637.0,fragile,0.683,0.0909,,False
ENT0095,Sandeep Jadhav,Maa Gopal Dairy,50,ST01,Dairy Producer,DAIRY,4,Kolhapur,Maharashtra,Western Maharashtra Ghat Zone,Kolhapur North,0.17072,0.3109,mr,app,numerate,False,FO4,,2023-08-15,2212.0,marginal,0.46,0.044,,False
ENT0096,Kiritbhai Solanki,Jai Kirana Store,58,ST08,Kirana Store,RETAIL,1,Anand,Gujarat,Middle Gujarat Alluvial Plain,Anand East,0.26844,-0.12846,gu,app,low,False,FO1,SHG01023,2023-08-17,1971.0,robust,0.671,0.0803,,False
ENT0097,Popat Jadhav,Jai Agri Producer Co,42,ST06,FPO / Agri Aggregator,FOODPROC,4,Kolhapur,Maharashtra,Western Maharashtra Ghat Zone,Kolhapur North,-0.33428,0.09351,mr,app,low,False,FO4,SHG04003,2023-08-04,10575.0,robust,0.556,0.0401,,False
ENT0098,Vitthal Jadhav,Sri Kirana Store,46,ST08,Kirana Store,RETAIL,4,Kolhapur,Maharashtra,Western Maharashtra Ghat Zone,Kolhapur Rural,-0.24014,-0.16049,mr,app,low,False,FO4,SHG04031,2023-08-09,5186.0,fragile,0.358,0.0637,,False
ENT0099,Sushma Shinde,Sri Sabzi Stall,31,ST09,Vegetable Vendor,RETAIL,4,Kolhapur,Maharashtra,Western Maharashtra Ghat Zone,Kolhapur South,0.0895,-0.05166,mr,app,medium,True,FO4,SHG04029,2023-08-10,3522.0,robust,0.379,0.1026,,False
ENT0100,Jiten Kalita,Maa Mahila SHG Foods,25,ST07,SHG Food Processing Unit,FOODPROC,5,Nagaon,Assam,Central Brahmaputra Valley,Nagaon West,-0.2596,0.18021,as,app,numerate,False,FO5,,2023-08-19,3735.0,marginal,0.458,0.0756,,False
ENT0101,Jagabandhu Mohanty,Nav Terracotta Unit,58,ST04,Pottery / Terracotta Unit,HANDICRAFT,6,Ganjam,Odisha,East Coastal Odisha,Ganjam West,-0.11293,-0.28874,or,app,medium,False,FO6,,2023-08-14,488.0,robust,0.395,0.0837,,False
ENT0102,Sabita Behera,Maa Vegetable Cart,59,ST09,Vegetable Vendor,RETAIL,6,Ganjam,Odisha,East Coastal Odisha,Ganjam East,0.31306,0.01669,or,ivr,low,False,FO6,SHG06016,2023-08-08,3243.0,robust,0.097,0.0193,,False
ENT0103,Pramila Mohanty,Sri Kirana Store,24,ST08,Kirana Store,RETAIL,6,Ganjam,Odisha,East Coastal Odisha,Ganjam Rural,-0.18833,-0.19102,or,assisted,medium,False,FO6,SHG06020,2023-08-05,2440.0,robust,0.096,0.008,,False
ENT0104,Suresh Reddy,Suresh Broiler Unit,34,ST02,Poultry Unit (broiler),POULTRY,3,Nizamabad,Telangana,Northern Telangana Zone,Nizamabad South,0.25273,0.09426,te,app,numerate,False,FO3,SHG03039,2023-08-18,3450.0,marginal,0.62,0.06,poultry_feed_shock,True
ENT0105,Junmoni Bora,Nav Weavers Unit,33,ST03,Handloom Weaver,HANDICRAFT,5,Nagaon,Assam,Central Brahmaputra Valley,Nagaon East,-0.10183,0.05787,as,assisted,low,True,FO5,SHG05030,2023-08-10,1379.0,robust,0.078,0.0115,,False
ENT0106,Bhupen Saikia,Jai General Stores,60,ST08,Kirana Store,RETAIL,5,Nagaon,Assam,Central Brahmaputra Valley,Nagaon South,0.07634,-0.19938,as,app,low,False,FO5,SHG05018,2023-08-01,4309.0,marginal,0.325,0.0856,,False
ENT0107,Nirmalaben Vaghela,Sri Dairy,54,ST01,Dairy Producer,DAIRY,1,Anand,Gujarat,Middle Gujarat Alluvial Plain,Anand West,0.20795,0.18868,gu,app,medium,True,FO1,SHG01013,2023-08-19,1882.0,marginal,0.288,0.1168,,False
ENT0108,Sarala Naidu,Nav Dudh Utpadak,50,ST01,Dairy Producer,DAIRY,3,Nizamabad,Telangana,Northern Telangana Zone,Nizamabad South,0.34166,-0.34683,te,app,numerate,False,FO3,SHG03011,2023-08-10,2590.0,marginal,0.645,0.1214,,False
ENT0109,Hansaben Chaudhari,Nav Agri Producer Co,45,ST06,FPO / Agri Aggregator,FOODPROC,1,Anand,Gujarat,Middle Gujarat Alluvial Plain,Anand East,-0.31499,0.32137,gu,app,numerate,True,FO1,,2023-08-14,4690.0,fragile,0.293,0.1055,,False
ENT0110,Ram Lal Sharma,Sri Annapurna Unit,30,ST07,SHG Food Processing Unit,FOODPROC,2,Bhilwara,Rajasthan,Semi-Arid Eastern Rajasthan,Bhilwara South,0.19286,0.24511,hi,ivr,medium,True,FO2,SHG02017,2023-08-14,2138.0,robust,0.047,0.027,,False
ENT0111,Rupali Hazarika,Maa Tailors,35,ST05,Tailoring Unit,HANDICRAFT,5,Nagaon,Assam,Central Brahmaputra Valley,Nagaon West,-0.21473,-0.01201,as,assisted,low,False,FO5,SHG05018,2023-08-06,631.0,fragile,0.136,0.0215,,False
ENT0112,Dattatray Jadhav,Sri Kirana Store,47,ST08,Kirana Store,RETAIL,4,Kolhapur,Maharashtra,Western Maharashtra Ghat Zone,Kolhapur Rural,0.11117,0.20672,mr,app,medium,False,FO4,,2023-08-02,8105.0,robust,0.668,0.0743,,False
ENT0113,Jayantibhai Desai,Nav Broiler Unit,50,ST02,Poultry Unit (broiler),POULTRY,1,Anand,Gujarat,Middle Gujarat Alluvial Plain,Anand West,0.15682,-0.00048,gu,app,medium,False,FO1,,2023-08-20,1593.0,fragile,0.611,0.073,,False
ENT0114,Narayana Rao,Jai Vegetable Cart,35,ST09,Vegetable Vendor,RETAIL,3,Nizamabad,Telangana,Northern Telangana Zone,Nizamabad East,0.21583,0.02364,te,app,low,False,FO3,SHG03002,2023-08-01,2054.0,marginal,0.381,0.1018,,False
ENT0115,Shubhangi Shinde,Shree Dairy,32,ST01,Dairy Producer,DAIRY,4,Kolhapur,Maharashtra,Western Maharashtra Ghat Zone,Kolhapur West,0.25815,0.32855,mr,app,medium,True,FO4,SHG04013,2023-08-11,1843.0,fragile,0.689,0.0534,,False
ENT0116,Mohan Devi,Jai Vegetable Cart,52,ST09,Vegetable Vendor,RETAIL,2,Bhilwara,Rajasthan,Semi-Arid Eastern Rajasthan,Bhilwara East,-0.12479,0.14276,hi,app,low,False,FO2,,2023-08-19,3356.0,robust,0.328,0.0899,,False
ENT0117,Prafulla Behera,Nav Agri Producer Co,42,ST06,FPO / Agri Aggregator,FOODPROC,6,Ganjam,Odisha,East Coastal Odisha,Ganjam West,-0.15257,0.27043,or,app,numerate,False,FO6,SHG06039,2023-08-15,7999.0,robust,0.361,0.1072,,False
ENT0118,Mohan Jat,Shree Provision Store,24,ST08,Kirana Store,RETAIL,2,Bhilwara,Rajasthan,Semi-Arid Eastern Rajasthan,Bhilwara Rural,0.17173,0.29536,hi,app,numerate,False,FO2,SHG02005,2023-08-12,4508.0,robust,0.433,0.1058,,False
ENT0119,Sushma Shinde,Nav Murgi Palan,24,ST02,Poultry Unit (broiler),POULTRY,4,Kolhapur,Maharashtra,Western Maharashtra Ghat Zone,Kolhapur South,0.10732,0.17188,mr,app,low,False,FO4,SHG04039,2023-08-11,6133.0,robust,0.285,0.0471,,False
ENT0120,Jyothi Naidu,Jai Taant Ghar,52,ST03,Handloom Weaver,HANDICRAFT,3,Nizamabad,Telangana,Northern Telangana Zone,Nizamabad South,0.27129,-0.0721,te,app,low,False,FO3,SHG03005,2023-08-04,1941.0,robust,0.509,0.0662,,False
ENT0121,Nirmalaben Solanki,Shree Gopal Dairy,32,ST01,Dairy Producer,DAIRY,1,Anand,Gujarat,Middle Gujarat Alluvial Plain,Anand East,-0.30793,0.04621,gu,ivr,low,False,FO1,SHG01014,2023-08-06,1328.0,robust,0.106,0.0153,,False
ENT0122,Savitri Meena,Jai Handloom,48,ST03,Handloom Weaver,HANDICRAFT,2,Bhilwara,Rajasthan,Semi-Arid Eastern Rajasthan,Bhilwara Rural,0.15148,0.01743,hi,app,medium,False,FO2,SHG02026,2023-08-15,1496.0,robust,0.452,0.0743,,False
ENT0123,Anjaneyulu Yadav,Shree Annapurna Unit,47,ST07,SHG Food Processing Unit,FOODPROC,3,Nizamabad,Telangana,Northern Telangana Zone,Nizamabad East,-0.0821,0.19887,te,app,numerate,True,FO3,SHG03004,2023-08-20,3550.0,fragile,0.443,0.0734,,False
ENT0124,Bhavnaben Vaghela,Nav Dudh Utpadak,32,ST01,Dairy Producer,DAIRY,1,Anand,Gujarat,Middle Gujarat Alluvial Plain,Anand West,0.21558,-0.02774,gu,app,medium,False,FO1,,2023-08-10,1586.0,robust,0.71,0.0745,,False
ENT0125,Anitha Naidu,Sri Poultry Farm,40,ST02,Poultry Unit (broiler),POULTRY,3,Nizamabad,Telangana,Northern Telangana Zone,Nizamabad North,-0.25976,-0.10624,te,app,medium,False,FO3,SHG03013,2023-08-01,1077.0,robust,0.595,0.0549,,False
ENT0126,Junmoni Kalita,Sri Taant Ghar,44,ST03,Handloom Weaver,HANDICRAFT,5,Nagaon,Assam,Central Brahmaputra Valley,Nagaon Rural,-0.11926,0.17725,as,app,numerate,False,FO5,,2023-08-12,576.0,marginal,0.619,0.0715,,False
ENT0127,Venkatesh Yadav,Maa Farmer Producer Co,25,ST06,FPO / Agri Aggregator,FOODPROC,3,Nizamabad,Telangana,Northern Telangana Zone,Nizamabad Rural,-0.03382,-0.11467,te,app,medium,False,FO3,,2023-08-10,8053.0,marginal,0.572,0.0799,,False
ENT0128,Bhavnaben Patel,Sri Provision Store,53,ST08,Kirana Store,RETAIL,1,Anand,Gujarat,Middle Gujarat Alluvial Plain,Anand Rural,0.12978,0.34605,gu,app,low,False,FO1,,2023-08-11,3079.0,robust,0.483,0.0594,,False
ENT0129,Junmoni Nath,Sri Krishi FPO,47,ST06,FPO / Agri Aggregator,FOODPROC,5,Nagaon,Assam,Central Brahmaputra Valley,Nagaon Rural,0.17875,-0.064,as,app,medium,False,FO5,SHG05029,2023-08-18,11028.0,marginal,0.666,0.1141,,False
ENT0130,Suresh Yadav,Nav Murgi Palan,35,ST02,Poultry Unit (broiler),POULTRY,3,Nizamabad,Telangana,Northern Telangana Zone,Nizamabad West,0.10022,0.21903,te,assisted,medium,False,FO3,,2023-08-01,5503.0,robust,0.032,0.0201,,False
ENT0131,Srinivas Naidu,Jai Murgi Palan,56,ST02,Poultry Unit (broiler),POULTRY,3,Nizamabad,Telangana,Northern Telangana Zone,Nizamabad South,0.32765,0.11453,te,app,medium,False,FO3,SHG03011,2023-08-08,5070.0,robust,0.533,0.0766,,False
ENT0132,Ram Lal Regar,Jai General Stores,39,ST08,Kirana Store,RETAIL,2,Bhilwara,Rajasthan,Semi-Arid Eastern Rajasthan,Bhilwara Rural,-0.10553,0.30571,hi,app,low,False,FO2,SHG02016,2023-08-13,2316.0,fragile,0.357,0.0416,,False
ENT0133,Pushpa Regar,Nav Pottery Works,55,ST04,Pottery / Terracotta Unit,HANDICRAFT,2,Bhilwara,Rajasthan,Semi-Arid Eastern Rajasthan,Bhilwara East,-0.24268,-0.0496,hi,app,medium,False,FO2,SHG02015,2023-08-04,624.0,robust,0.677,0.0632,,False
ENT0134,Purabi Hazarika,Maa Mahila SHG Foods,32,ST07,SHG Food Processing Unit,FOODPROC,5,Nagaon,Assam,Central Brahmaputra Valley,Nagaon West,0.03163,0.06135,as,app,numerate,False,FO5,SHG05001,2023-08-19,1609.0,robust,0.707,0.0682,,False
ENT0135,Anjali Patra,Shree Taant Ghar,30,ST03,Handloom Weaver,HANDICRAFT,6,Ganjam,Odisha,East Coastal Odisha,Ganjam North,0.21668,0.19145,or,app,medium,False,FO6,SHG06028,2023-08-03,811.0,fragile,0.637,0.1288,,False
ENT0136,Pramila Mohanty,Shree Dudh Utpadak,59,ST01,Dairy Producer,DAIRY,6,Ganjam,Odisha,East Coastal Odisha,Ganjam East,-0.09662,0.19831,or,app,low,True,FO6,,2023-08-11,1555.0,robust,0.544,0.0778,,False
ENT0137,Radha Kumhar,Jai Dairy,58,ST01,Dairy Producer,DAIRY,2,Bhilwara,Rajasthan,Semi-Arid Eastern Rajasthan,Bhilwara East,0.1136,0.30393,hi,app,numerate,False,FO2,SHG02003,2023-08-15,2126.0,marginal,0.719,0.1029,,False
ENT0138,Shyam Jat,Nav Tailors,60,ST05,Tailoring Unit,HANDICRAFT,2,Bhilwara,Rajasthan,Semi-Arid Eastern Rajasthan,Bhilwara South,0.13597,0.27317,hi,assisted,numerate,False,FO2,,2023-08-09,827.0,marginal,0.046,0.0269,,False
ENT0139,Vijaya Yadav,Nav Kirana Store,57,ST08,Kirana Store,RETAIL,3,Nizamabad,Telangana,Northern Telangana Zone,Nizamabad Rural,0.13354,-0.15536,te,app,low,False,FO3,SHG03021,2023-08-09,2818.0,marginal,0.464,0.0812,,False
ENT0140,Niranjan Behera,Sri Handloom,35,ST03,Handloom Weaver,HANDICRAFT,6,Ganjam,Odisha,East Coastal Odisha,Ganjam East,0.17865,-0.25537,or,app,numerate,False,FO6,SHG06015,2023-08-14,341.0,fragile,0.576,0.0536,,False
ENT0141,Kuni Sahu,Jai Weavers Unit,30,ST03,Handloom Weaver,HANDICRAFT,6,Ganjam,Odisha,East Coastal Odisha,Ganjam South,-0.23735,-0.2062,or,app,medium,False,FO6,SHG06023,2023-08-06,2105.0,robust,0.342,0.119,,False
ENT0142,Dipali Nath,Shree Mahila SHG Foods,60,ST07,SHG Food Processing Unit,FOODPROC,5,Nagaon,Assam,Central Brahmaputra Valley,Nagaon South,-0.10297,-0.03537,as,app,low,False,FO5,SHG05015,2023-08-11,1233.0,robust,0.576,0.0744,,False
ENT0143,Bipin Mohanty,Nav Pottery Works,27,ST04,Pottery / Terracotta Unit,HANDICRAFT,6,Ganjam,Odisha,East Coastal Odisha,Ganjam East,0.17437,0.19888,or,app,numerate,False,FO6,,2023-08-10,622.0,robust,0.341,0.0632,,False
ENT0144,Bhavnaben Patel,Jai Gopal Dairy,31,ST01,Dairy Producer,DAIRY,1,Anand,Gujarat,Middle Gujarat Alluvial Plain,Anand South,0.21082,-0.05274,gu,app,low,True,FO1,,2023-08-13,795.0,robust,0.473,0.0818,,False
ENT0145,Sanjay Nayak,Nav General Stores,44,ST08,Kirana Store,RETAIL,6,Ganjam,Odisha,East Coastal Odisha,Ganjam West,0.14767,0.09376,or,ivr,medium,False,FO6,SHG06035,2023-08-10,5357.0,robust,0.12,0.0083,,False
ENT0146,Namita Pradhan,Jai Swasahayata Foods,58,ST07,SHG Food Processing Unit,FOODPROC,6,Ganjam,Odisha,East Coastal Odisha,Ganjam West,0.06997,-0.16645,or,app,low,False,FO6,SHG06018,2023-08-01,2889.0,robust,0.397,0.0774,,False
ENT0147,Dakshaben Patel,Jai Taant Ghar,44,ST03,Handloom Weaver,HANDICRAFT,1,Anand,Gujarat,Middle Gujarat Alluvial Plain,Anand East,-0.3464,0.06836,gu,app,numerate,False,FO1,,2023-08-03,2126.0,marginal,0.576,0.1272,,False
ENT0148,Swaroopa Reddy,Maa Swasahayata Foods,33,ST07,SHG Food Processing Unit,FOODPROC,3,Nizamabad,Telangana,Northern Telangana Zone,Nizamabad East,-0.08319,-0.27688,te,app,numerate,True,FO3,,2023-08-16,2135.0,robust,0.425,0.1244,,False
ENT0149,Dipali Nath,Jai Vegetable Cart,40,ST09,Vegetable Vendor,RETAIL,5,Nagaon,Assam,Central Brahmaputra Valley,Nagaon Rural,0.22425,-0.0225,as,assisted,low,False,FO5,,2023-08-21,927.0,robust,0.033,0.018,,False
ENT0150,Jayantibhai Patel,Maa Krishi FPO,38,ST06,FPO / Agri Aggregator,FOODPROC,1,Anand,Gujarat,Middle Gujarat Alluvial Plain,Anand West,-0.17199,0.06713,gu,app,medium,False,FO1,SHG01033,2023-08-15,5736.0,fragile,0.541,0.1144,,False
ENT0151,Nirmalaben Patel,Shree Handloom,57,ST03,Handloom Weaver,HANDICRAFT,1,Anand,Gujarat,Middle Gujarat Alluvial Plain,Anand South,-0.00456,-0.05624,gu,app,low,False,FO1,SHG01001,2023-08-17,1035.0,robust,0.706,0.045,,False
ENT0152,Anita Patil,Anita Mahila SHG Foods,41,ST07,SHG Food Processing Unit,FOODPROC,4,Kolhapur,Maharashtra,Western Maharashtra Ghat Zone,Kolhapur West,0.2006,-0.23237,mr,app,medium,False,FO4,SHG04025,2023-08-20,2250.0,marginal,0.55,0.09,foodproc_receivable_stretch,True
ENT0153,Mohan Sharma,Sri Sabzi Stall,30,ST09,Vegetable Vendor,RETAIL,2,Bhilwara,Rajasthan,Semi-Arid Eastern Rajasthan,Bhilwara South,-0.0223,0.2367,hi,app,low,False,FO2,SHG02033,2023-08-19,3375.0,robust,0.581,0.0688,,False
ENT0154,Bhausaheb Patil,Shree General Stores,60,ST08,Kirana Store,RETAIL,4,Kolhapur,Maharashtra,Western Maharashtra Ghat Zone,Kolhapur East,-0.09827,-0.19072,mr,app,numerate,True,FO4,SHG04003,2023-08-05,4415.0,robust,0.508,0.0885,,False
ENT0155,Kamla Jat,Sri Gopal Dairy,43,ST01,Dairy Producer,DAIRY,2,Bhilwara,Rajasthan,Semi-Arid Eastern Rajasthan,Bhilwara Rural,0.02066,0.22878,hi,app,medium,False,FO2,,2023-08-10,784.0,robust,0.351,0.0906,,False
ENT0156,Pushpa Jat,Sri Tailors,41,ST05,Tailoring Unit,HANDICRAFT,2,Bhilwara,Rajasthan,Semi-Arid Eastern Rajasthan,Bhilwara East,0.17813,0.01357,hi,app,medium,False,FO2,SHG02008,2023-08-09,855.0,marginal,0.64,0.1345,,False
ENT0157,Ramulu Yadav,Nav Agri Producer Co,57,ST06,FPO / Agri Aggregator,FOODPROC,3,Nizamabad,Telangana,Northern Telangana Zone,Nizamabad Rural,0.22518,0.29647,te,app,low,False,FO3,SHG03034,2023-08-03,10752.0,fragile,0.432,0.0432,,False
ENT0158,Kalpana More,Shree Annapurna Unit,38,ST07,SHG Food Processing Unit,FOODPROC,4,Kolhapur,Maharashtra,Western Maharashtra Ghat Zone,Kolhapur Rural,0.31449,-0.28454,mr,app,low,False,FO4,SHG04032,2023-08-03,2002.0,robust,0.315,0.0875,,False
ENT0159,Kailash Jat,Jai Weavers Unit,53,ST03,Handloom Weaver,HANDICRAFT,2,Bhilwara,Rajasthan,Semi-Arid Eastern Rajasthan,Bhilwara West,-0.16844,-0.16869,hi,app,numerate,True,FO2,SHG02008,2023-08-09,1641.0,robust,0.629,0.1055,,False
ENT0160,Junmoni Das,Maa Mahila SHG Foods,24,ST07,SHG Food Processing Unit,FOODPROC,5,Nagaon,Assam,Central Brahmaputra Valley,Nagaon North,-0.14228,-0.15373,as,app,low,False,FO5,,2023-08-10,2819.0,fragile,0.339,0.1188,,False
ENT0161,Dipali Das,Maa Swasahayata Foods,28,ST07,SHG Food Processing Unit,FOODPROC,5,Nagaon,Assam,Central Brahmaputra Valley,Nagaon South,-0.00048,0.2035,as,assisted,numerate,True,FO5,SHG05024,2023-08-16,2084.0,fragile,0.069,0.0074,,False
ENT0162,Nitin Kadam,Maa Dairy,60,ST01,Dairy Producer,DAIRY,4,Kolhapur,Maharashtra,Western Maharashtra Ghat Zone,Kolhapur South,-0.12489,-0.24718,mr,app,medium,False,FO4,SHG04013,2023-08-20,1425.0,fragile,0.607,0.0927,,False
ENT0163,Shyam Sharma,Nav Terracotta Unit,48,ST04,Pottery / Terracotta Unit,HANDICRAFT,2,Bhilwara,Rajasthan,Semi-Arid Eastern Rajasthan,Bhilwara East,0.1923,0.20143,hi,app,medium,False,FO2,SHG02011,2023-08-11,352.0,robust,0.286,0.0619,,False
ENT0164,Meera Kumhar,Jai Pottery Works,40,ST04,Pottery / Terracotta Unit,HANDICRAFT,2,Bhilwara,Rajasthan,Semi-Arid Eastern Rajasthan,Bhilwara East,-0.20431,0.17447,hi,app,low,False,FO2,SHG02024,2023-08-08,691.0,robust,0.419,0.1013,,False
ENT0165,Anjaneyulu Yadav,Shree Kirana Store,44,ST08,Kirana Store,RETAIL,3,Nizamabad,Telangana,Northern Telangana Zone,Nizamabad Rural,0.26286,0.11779,te,ivr,numerate,False,FO3,,2023-08-07,5541.0,fragile,0.096,0.0178,,False
ENT0166,Meera Jat,Shree Taant Ghar,42,ST03,Handloom Weaver,HANDICRAFT,2,Bhilwara,Rajasthan,Semi-Arid Eastern Rajasthan,Bhilwara East,0.21647,0.29883,hi,app,numerate,False,FO2,SHG02011,2023-08-21,2521.0,fragile,0.6,0.1126,,False
ENT0167,Ramulu Naidu,Maa Sabzi Stall,34,ST09,Vegetable Vendor,RETAIL,3,Nizamabad,Telangana,Northern Telangana Zone,Nizamabad West,0.08522,-0.32313,te,app,medium,False,FO3,SHG03017,2023-08-14,3642.0,robust,0.32,0.125,,False
ENT0168,Rohini Kadam,Maa Dudh Utpadak,53,ST01,Dairy Producer,DAIRY,4,Kolhapur,Maharashtra,Western Maharashtra Ghat Zone,Kolhapur South,0.11132,0.27622,mr,app,medium,False,FO4,SHG04039,2023-08-19,967.0,robust,0.373,0.079,,False
ENT0169,Vitthal Kulkarni,Sri Krishi FPO,47,ST06,FPO / Agri Aggregator,FOODPROC,4,Kolhapur,Maharashtra,Western Maharashtra Ghat Zone,Kolhapur Rural,0.33606,-0.21171,mr,app,low,False,FO4,,2023-08-20,7153.0,robust,0.35,0.1264,,False
ENT0170,Narayana Yadav,Nav Provision Store,31,ST08,Kirana Store,RETAIL,3,Nizamabad,Telangana,Northern Telangana Zone,Nizamabad South,-0.09346,-0.28315,te,app,low,False,FO3,SHG03019,2023-08-17,4325.0,robust,0.564,0.0442,,False
ENT0171,Mridula Das,Shree General Stores,25,ST08,Kirana Store,RETAIL,5,Nagaon,Assam,Central Brahmaputra Valley,Nagaon South,-0.12286,-0.13041,as,app,medium,False,FO5,SHG05018,2023-08-01,3208.0,robust,0.576,0.0564,,False
ENT0172,Basanti Behera,Nav Terracotta Unit,40,ST04,Pottery / Terracotta Unit,HANDICRAFT,6,Ganjam,Odisha,East Coastal Odisha,Ganjam North,0.22827,-0.03105,or,app,numerate,False,FO6,SHG06018,2023-08-14,452.0,marginal,0.338,0.0681,,False
ENT0173,Basanti Nayak,Maa Pottery Works,55,ST04,Pottery / Terracotta Unit,HANDICRAFT,6,Ganjam,Odisha,East Coastal Odisha,Ganjam East,0.21016,0.16128,or,app,low,False,FO6,SHG06022,2023-08-11,205.0,fragile,0.693,0.0904,,False
ENT0174,Rekha Jat,Maa Poultry Farm,50,ST02,Poultry Unit (broiler),POULTRY,2,Bhilwara,Rajasthan,Semi-Arid Eastern Rajasthan,Bhilwara North,0.25843,0.01014,hi,app,low,False,FO2,,2023-08-16,2114.0,fragile,0.699,0.0429,,False
ENT0175,Rekha Kumhar,Maa Agri Producer Co,40,ST06,FPO / Agri Aggregator,FOODPROC,2,Bhilwara,Rajasthan,Semi-Arid Eastern Rajasthan,Bhilwara East,-0.34108,-0.01963,hi,app,low,True,FO2,SHG02037,2023-08-09,8505.0,robust,0.553,0.0765,,False
ENT0176,Meera Jat,Nav Vegetable Cart,40,ST09,Vegetable Vendor,RETAIL,2,Bhilwara,Rajasthan,Semi-Arid Eastern Rajasthan,Bhilwara West,-0.2655,0.30255,hi,app,medium,False,FO2,,2023-08-03,1369.0,robust,0.36,0.0733,,False
ENT0177,Rameshbhai Rathod,Maa Poultry Farm,46,ST02,Poultry Unit (broiler),POULTRY,1,Anand,Gujarat,Middle Gujarat Alluvial Plain,Anand Rural,0.01098,0.03977,gu,app,low,True,FO1,,2023-08-02,2436.0,robust,0.622,0.079,,False
ENT0178,Venkatesh Goud,Nav Poultry Farm,45,ST02,Poultry Unit (broiler),POULTRY,3,Nizamabad,Telangana,Northern Telangana Zone,Nizamabad Rural,-0.10483,0.29336,te,app,medium,False,FO3,SHG03009,2023-08-04,5203.0,fragile,0.38,0.1202,,False
ENT0179,Hansaben Patel,Shree Mahila SHG Foods,51,ST07,SHG Food Processing Unit,FOODPROC,1,Anand,Gujarat,Middle Gujarat Alluvial Plain,Anand West,0.15454,0.16472,gu,app,medium,False,FO1,SHG01001,2023-08-11,1134.0,marginal,0.34,0.0886,,False
ENT0180,Ashokbhai Vaghela,Sri General Stores,55,ST08,Kirana Store,RETAIL,1,Anand,Gujarat,Middle Gujarat Alluvial Plain,Anand South,-0.26764,0.33064,gu,app,medium,False,FO1,SHG01039,2023-08-03,2929.0,marginal,0.541,0.0699,,False
ENT0181,Niranjan Sahu,Sri Weavers Unit,56,ST03,Handloom Weaver,HANDICRAFT,6,Ganjam,Odisha,East Coastal Odisha,Ganjam Rural,-0.16788,-0.29695,or,app,low,True,FO6,SHG06035,2023-08-19,408.0,robust,0.485,0.1054,,False
ENT0182,Rekha Regar,Maa Dudh Utpadak,32,ST01,Dairy Producer,DAIRY,2,Bhilwara,Rajasthan,Semi-Arid Eastern Rajasthan,Bhilwara Rural,-0.30855,-0.33311,hi,app,medium,True,FO2,,2023-08-17,855.0,marginal,0.544,0.1025,,False
ENT0183,Jayantibhai Vaghela,Maa General Stores,56,ST08,Kirana Store,RETAIL,1,Anand,Gujarat,Middle Gujarat Alluvial Plain,Anand Rural,0.17989,-0.03051,gu,app,low,False,FO1,SHG01029,2023-08-11,2663.0,robust,0.514,0.0873,,False
ENT0184,Lakshmiben Chaudhari,Sri Dudh Utpadak,26,ST01,Dairy Producer,DAIRY,1,Anand,Gujarat,Middle Gujarat Alluvial Plain,Anand East,0.01784,0.03382,gu,app,low,False,FO1,SHG01021,2023-08-08,1598.0,robust,0.65,0.1386,,False
ENT0185,Pushpa Sharma,Shree Kirana Store,46,ST08,Kirana Store,RETAIL,2,Bhilwara,Rajasthan,Semi-Arid Eastern Rajasthan,Bhilwara North,0.1047,-0.17226,hi,app,medium,False,FO2,SHG02038,2023-08-05,7118.0,fragile,0.477,0.1225,,False
ENT0186,Kiritbhai Rathod,Shree Dairy,41,ST01,Dairy Producer,DAIRY,1,Anand,Gujarat,Middle Gujarat Alluvial Plain,Anand East,0.26646,0.11801,gu,app,low,False,FO1,,2023-08-09,724.0,robust,0.681,0.1024,,False
ENT0187,Mahendrabhai Patel,Shree Vegetable Cart,36,ST09,Vegetable Vendor,RETAIL,1,Anand,Gujarat,Middle Gujarat Alluvial Plain,Anand South,0.125,0.11443,gu,app,low,False,FO1,,2023-08-21,2217.0,robust,0.348,0.0959,,False
ENT0188,Nilima Bora,Nilima Taant Ghar,36,ST03,Handloom Weaver,HANDICRAFT,5,Nagaon,Assam,Central Brahmaputra Valley,Nagaon West,-0.07639,-0.21389,as,app,medium,True,FO5,SHG05025,2023-08-21,780.0,fragile,0.28,0.08,handicraft_buyer_default,True
ENT0189,Sushma Shinde,Jai Dudh Utpadak,28,ST01,Dairy Producer,DAIRY,4,Kolhapur,Maharashtra,Western Maharashtra Ghat Zone,Kolhapur West,0.33704,0.02602,mr,app,low,True,FO4,SHG04034,2023-08-11,705.0,marginal,0.491,0.0965,,False
ENT0190,Sandeep More,Nav Gopal Dairy,33,ST01,Dairy Producer,DAIRY,4,Kolhapur,Maharashtra,Western Maharashtra Ghat Zone,Kolhapur South,0.26193,-0.34325,mr,app,numerate,False,FO4,SHG04012,2023-08-11,3896.0,marginal,0.418,0.0969,,False
ENT0191,Sasmita Nayak,Jai Kirana Store,39,ST08,Kirana Store,RETAIL,6,Ganjam,Odisha,East Coastal Odisha,Ganjam East,-0.22973,0.03761,or,app,numerate,True,FO6,SHG06038,2023-08-15,13698.0,robust,0.528,0.0617,,False
ENT0192,Rohini Kadam,Nav Dairy,53,ST01,Dairy Producer,DAIRY,4,Kolhapur,Maharashtra,Western Maharashtra Ghat Zone,Kolhapur Rural,0.2857,-0.29596,mr,app,medium,False,FO4,SHG04015,2023-08-16,1987.0,fragile,0.521,0.1225,,False
ENT0193,Nitin Kulkarni,Jai Agri Producer Co,40,ST06,FPO / Agri Aggregator,FOODPROC,4,Kolhapur,Maharashtra,Western Maharashtra Ghat Zone,Kolhapur Rural,-0.31075,0.0863,mr,app,low,False,FO4,SHG04016,2023-08-19,3091.0,robust,0.333,0.1157,,False
ENT0194,Shyam Kumhar,Maa Handloom,39,ST03,Handloom Weaver,HANDICRAFT,2,Bhilwara,Rajasthan,Semi-Arid Eastern Rajasthan,Bhilwara West,-0.11561,-0.00257,hi,app,low,False,FO2,SHG02016,2023-08-08,671.0,marginal,0.558,0.0688,,False
ENT0195,Sujatha Goud,Jai Murgi Palan,53,ST02,Poultry Unit (broiler),POULTRY,3,Nizamabad,Telangana,Northern Telangana Zone,Nizamabad West,0.21856,0.28155,te,app,low,False,FO3,SHG03030,2023-08-09,4123.0,robust,0.603,0.0582,,False
ENT0196,Mridula Nath,Jai Taant Ghar,50,ST03,Handloom Weaver,HANDICRAFT,5,Nagaon,Assam,Central Brahmaputra Valley,Nagaon North,0.15031,0.04508,as,app,medium,True,FO5,SHG05018,2023-08-01,500.0,robust,0.696,0.1243,,False
ENT0197,Lakshmiben Solanki,Jai Kirana Store,43,ST08,Kirana Store,RETAIL,1,Anand,Gujarat,Middle Gujarat Alluvial Plain,Anand North,-0.30881,0.34803,gu,app,low,False,FO1,SHG01018,2023-08-21,3998.0,marginal,0.647,0.1241,,False
ENT0198,Kokilaben Patel,Maa Gopal Dairy,25,ST01,Dairy Producer,DAIRY,1,Anand,Gujarat,Middle Gujarat Alluvial Plain,Anand West,0.06703,0.1953,gu,app,medium,True,FO1,SHG01036,2023-08-14,1787.0,fragile,0.61,0.0436,,False
ENT0199,Hansaben Solanki,Jai Dairy,27,ST01,Dairy Producer,DAIRY,1,Anand,Gujarat,Middle Gujarat Alluvial Plain,Anand West,-0.15987,-0.25004,gu,app,numerate,False,FO1,SHG01023,2023-08-10,958.0,marginal,0.379,0.1399,,False
ENT0200,Kuni Pradhan,Sri Weavers Unit,30,ST03,Handloom Weaver,HANDICRAFT,6,Ganjam,Odisha,East Coastal Odisha,Ganjam North,-0.10628,0.11012,or,app,medium,False,FO6,SHG06032,2023-08-14,1066.0,marginal,0.717,0.0551,,False
ENT0201,Niranjan Pradhan,Sri Provision Store,38,ST08,Kirana Store,RETAIL,6,Ganjam,Odisha,East Coastal Odisha,Ganjam North,0.08912,0.01895,or,app,medium,False,FO6,SHG06009,2023-08-06,4778.0,robust,0.48,0.1072,,False
ENT0202,Anjaneyulu Goud,Maa Poultry Farm,57,ST02,Poultry Unit (broiler),POULTRY,3,Nizamabad,Telangana,Northern Telangana Zone,Nizamabad North,0.02688,-0.29029,te,app,low,True,FO3,SHG03001,2023-08-09,2715.0,robust,0.435,0.0858,,False
ENT0203,Sanjay Behera,Jai Murgi Palan,24,ST02,Poultry Unit (broiler),POULTRY,6,Ganjam,Odisha,East Coastal Odisha,Ganjam Rural,0.0256,0.22035,or,ivr,medium,False,FO6,,2023-08-02,2400.0,fragile,0.075,0.022,,False
ENT0204,Prafulla Sahu,Maa Sabzi Stall,38,ST09,Vegetable Vendor,RETAIL,6,Ganjam,Odisha,East Coastal Odisha,Ganjam Rural,-0.284,-0.16519,or,app,medium,False,FO6,SHG06025,2023-08-08,3776.0,fragile,0.47,0.0997,,False
ENT0205,Nirmalaben Desai,Nav Dairy,37,ST01,Dairy Producer,DAIRY,1,Anand,Gujarat,Middle Gujarat Alluvial Plain,Anand South,0.32574,-0.00826,gu,app,low,False,FO1,SHG01003,2023-08-05,3453.0,robust,0.584,0.0659,,False
ENT0206,Kokilaben Patel,Jai Gopal Dairy,56,ST01,Dairy Producer,DAIRY,1,Anand,Gujarat,Middle Gujarat Alluvial Plain,Anand South,-0.02204,0.13073,gu,app,low,False,FO1,SHG01022,2023-08-05,1194.0,fragile,0.308,0.1042,,False
ENT0207,Sabita Nayak,Shree Swasahayata Foods,60,ST07,SHG Food Processing Unit,FOODPROC,6,Ganjam,Odisha,East Coastal Odisha,Ganjam East,-0.28539,0.27099,or,assisted,medium,False,FO6,SHG06023,2023-08-04,3025.0,marginal,0.098,0.0054,,False
ENT0208,Mohan Devi,Nav General Stores,45,ST08,Kirana Store,RETAIL,2,Bhilwara,Rajasthan,Semi-Arid Eastern Rajasthan,Bhilwara West,0.22967,-0.04395,hi,app,low,False,FO2,,2023-08-04,3692.0,robust,0.43,0.0743,,False
ENT0209,Bhausaheb Shinde,Maa Murgi Palan,50,ST02,Poultry Unit (broiler),POULTRY,4,Kolhapur,Maharashtra,Western Maharashtra Ghat Zone,Kolhapur West,0.13134,0.09504,mr,app,medium,False,FO4,SHG04013,2023-08-05,3296.0,robust,0.333,0.0982,,False
ENT0210,Nirmalaben Patel,Sri Sabzi Stall,50,ST09,Vegetable Vendor,RETAIL,1,Anand,Gujarat,Middle Gujarat Alluvial Plain,Anand East,0.13964,-0.00874,gu,app,medium,False,FO1,SHG01004,2023-08-19,2521.0,robust,0.381,0.1388,,False
ENT0211,Sabita Patra,Nav Kumhar Kala,30,ST04,Pottery / Terracotta Unit,HANDICRAFT,6,Ganjam,Odisha,East Coastal Odisha,Ganjam North,0.33825,0.24907,or,app,numerate,False,FO6,SHG06020,2023-08-15,495.0,robust,0.672,0.1277,,False
ENT0212,Pushpa Sharma,Maa Krishi FPO,41,ST06,FPO / Agri Aggregator,FOODPROC,2,Bhilwara,Rajasthan,Semi-Arid Eastern Rajasthan,Bhilwara West,0.1834,0.25969,hi,app,medium,False,FO2,SHG02024,2023-08-07,9257.0,robust,0.672,0.0404,,False
ENT0213,Sunita Devi,Nav Taant Ghar,31,ST03,Handloom Weaver,HANDICRAFT,2,Bhilwara,Rajasthan,Semi-Arid Eastern Rajasthan,Bhilwara Rural,-0.06979,0.01509,hi,app,medium,True,FO2,,2023-08-02,998.0,robust,0.66,0.118,,False
ENT0214,Sarita Meena,Maa Taant Ghar,54,ST03,Handloom Weaver,HANDICRAFT,2,Bhilwara,Rajasthan,Semi-Arid Eastern Rajasthan,Bhilwara North,0.23967,0.0818,hi,app,low,True,FO2,,2023-08-14,359.0,robust,0.639,0.0608,,False
ENT0215,Hansaben Desai,Nav Sabzi Stall,37,ST09,Vegetable Vendor,RETAIL,1,Anand,Gujarat,Middle Gujarat Alluvial Plain,Anand East,-0.30968,-0.12278,gu,app,medium,False,FO1,SHG01010,2023-08-03,2829.0,marginal,0.406,0.1288,,False
ENT0216,Sujatha Yadav,Maa Farmer Producer Co,51,ST06,FPO / Agri Aggregator,FOODPROC,3,Nizamabad,Telangana,Northern Telangana Zone,Nizamabad North,0.31484,0.22174,te,app,medium,True,FO3,SHG03039,2023-08-20,4678.0,marginal,0.497,0.1342,,False
ENT0217,Vitthal Patil,Shree Agri Producer Co,51,ST06,FPO / Agri Aggregator,FOODPROC,4,Kolhapur,Maharashtra,Western Maharashtra Ghat Zone,Kolhapur Rural,-0.31406,0.08566,mr,app,low,False,FO4,,2023-08-09,9232.0,marginal,0.489,0.0678,,False
ENT0218,Kiritbhai Solanki,Maa Swasahayata Foods,46,ST07,SHG Food Processing Unit,FOODPROC,1,Anand,Gujarat,Middle Gujarat Alluvial Plain,Anand East,-0.01369,-0.22596,gu,app,medium,False,FO1,SHG01001,2023-08-20,3106.0,robust,0.632,0.1139,,False
ENT0219,Hansaben Rathod,Jai Krishi FPO,54,ST06,FPO / Agri Aggregator,FOODPROC,1,Anand,Gujarat,Middle Gujarat Alluvial Plain,Anand North,-0.18683,-0.28699,gu,app,low,False,FO1,SHG01004,2023-08-03,8424.0,marginal,0.349,0.1207,,False
ENT0220,Prafulla Nayak,Jai Agri Producer Co,32,ST06,FPO / Agri Aggregator,FOODPROC,6,Ganjam,Odisha,East Coastal Odisha,Ganjam North,-0.00022,-0.16226,or,assisted,medium,False,FO6,SHG06002,2023-08-11,12679.0,marginal,0.087,0.0069,,False
ENT0221,Bornali Kalita,Sri Krishi FPO,49,ST06,FPO / Agri Aggregator,FOODPROC,5,Nagaon,Assam,Central Brahmaputra Valley,Nagaon Rural,0.32007,0.21234,as,app,medium,True,FO5,,2023-08-07,8157.0,robust,0.471,0.0916,,False
ENT0222,Suresh Mudiraj,Sri Weavers Unit,48,ST03,Handloom Weaver,HANDICRAFT,3,Nizamabad,Telangana,Northern Telangana Zone,Nizamabad North,0.00289,0.13873,te,app,numerate,False,FO3,SHG03037,2023-08-17,1648.0,robust,0.539,0.0821,,False
ENT0223,Sarojini Mohanty,Jai Gopal Dairy,33,ST01,Dairy Producer,DAIRY,6,Ganjam,Odisha,East Coastal Odisha,Ganjam East,0.21632,0.05019,or,app,low,True,FO6,SHG06010,2023-08-06,1440.0,fragile,0.53,0.071,,False
ENT0224,Basanti Pradhan,Basanti General Stores,47,ST08,Kirana Store,RETAIL,6,Ganjam,Odisha,East Coastal Odisha,Ganjam North,-0.33699,0.13676,or,assisted,low,False,FO6,SHG06003,2023-08-05,3600.0,fragile,0.11,0.03,retail_udhaar_spiral,True
ENT0225,Dhruba Kalita,Jai General Stores,25,ST08,Kirana Store,RETAIL,5,Nagaon,Assam,Central Brahmaputra Valley,Nagaon West,0.25653,-0.14719,as,app,low,False,FO5,SHG05010,2023-08-06,5432.0,robust,0.366,0.0546,,False
ENT0226,Shyam Meena,Jai Taant Ghar,52,ST03,Handloom Weaver,HANDICRAFT,2,Bhilwara,Rajasthan,Semi-Arid Eastern Rajasthan,Bhilwara West,-0.26673,0.03366,hi,app,medium,False,FO2,,2023-08-19,727.0,fragile,0.295,0.0485,,False
ENT0227,Bornali Saikia,Sri Murgi Palan,36,ST02,Poultry Unit (broiler),POULTRY,5,Nagaon,Assam,Central Brahmaputra Valley,Nagaon North,0.08527,-0.02362,as,app,medium,True,FO5,SHG05029,2023-08-20,4693.0,robust,0.323,0.087,,False
ENT0228,Mridula Kalita,Nav Fresh Greens,47,ST09,Vegetable Vendor,RETAIL,5,Nagaon,Assam,Central Brahmaputra Valley,Nagaon North,-0.1296,-0.17037,as,app,medium,False,FO5,SHG05021,2023-08-20,4810.0,marginal,0.559,0.0548,,False
ENT0229,Savitri Jat,Shree Swasahayata Foods,33,ST07,SHG Food Processing Unit,FOODPROC,2,Bhilwara,Rajasthan,Semi-Arid Eastern Rajasthan,Bhilwara West,0.22256,-0.0664,hi,app,medium,False,FO2,,2023-08-03,3072.0,robust,0.516,0.1061,,False
ENT0230,Nabin Nath,Maa Provision Store,39,ST08,Kirana Store,RETAIL,5,Nagaon,Assam,Central Brahmaputra Valley,Nagaon North,0.10507,-0.17158,as,app,medium,False,FO5,SHG05035,2023-08-20,3470.0,robust,0.448,0.117,,False
ENT0231,Suresh Yadav,Jai Broiler Unit,39,ST02,Poultry Unit (broiler),POULTRY,3,Nizamabad,Telangana,Northern Telangana Zone,Nizamabad East,0.18876,-0.0748,te,app,low,False,FO3,,2023-08-11,2093.0,robust,0.539,0.1182,,False
ENT0232,Srinivas Mudiraj,Jai Poultry Farm,59,ST02,Poultry Unit (broiler),POULTRY,3,Nizamabad,Telangana,Northern Telangana Zone,Nizamabad West,-0.0801,-0.03011,te,app,low,False,FO3,SHG03021,2023-08-18,4761.0,fragile,0.404,0.1282,,False
ENT0233,Jiten Das,Maa Broiler Unit,26,ST02,Poultry Unit (broiler),POULTRY,5,Nagaon,Assam,Central Brahmaputra Valley,Nagaon East,0.13302,-0.08553,as,app,numerate,False,FO5,,2023-08-08,2848.0,robust,0.393,0.1078,,False
ENT0234,Anita Jadhav,Nav Kirana Store,44,ST08,Kirana Store,RETAIL,4,Kolhapur,Maharashtra,Western Maharashtra Ghat Zone,Kolhapur Rural,-0.11968,-0.0459,mr,app,medium,False,FO4,SHG04024,2023-08-02,2690.0,marginal,0.342,0.1109,,False
ENT0235,Swaroopa Yadav,Sri Dudh Utpadak,60,ST01,Dairy Producer,DAIRY,3,Nizamabad,Telangana,Northern Telangana Zone,Nizamabad South,-0.00164,-0.05315,te,app,medium,False,FO3,SHG03018,2023-08-04,1428.0,robust,0.684,0.0504,,False
ENT0236,Sushma Kadam,Maa Krishi FPO,34,ST06,FPO / Agri Aggregator,FOODPROC,4,Kolhapur,Maharashtra,Western Maharashtra Ghat Zone,Kolhapur North,0.34741,-0.18273,mr,assisted,medium,True,FO4,SHG04021,2023-08-20,1823.0,fragile,0.105,0.0143,,False
ENT0237,Sanjay Sahu,Nav Broiler Unit,51,ST02,Poultry Unit (broiler),POULTRY,6,Ganjam,Odisha,East Coastal Odisha,Ganjam East,0.15918,-0.0201,or,app,low,False,FO6,,2023-08-02,4684.0,robust,0.577,0.0566,,False
ENT0238,Vitthal Kulkarni,Nav General Stores,42,ST08,Kirana Store,RETAIL,4,Kolhapur,Maharashtra,Western Maharashtra Ghat Zone,Kolhapur East,-0.2766,-0.3274,mr,app,medium,False,FO4,,2023-08-09,2758.0,fragile,0.283,0.0459,,False
ENT0239,Kalpana Patil,Sri Dairy,25,ST01,Dairy Producer,DAIRY,4,Kolhapur,Maharashtra,Western Maharashtra Ghat Zone,Kolhapur South,0.24713,0.12387,mr,app,medium,False,FO4,,2023-08-17,1009.0,robust,0.372,0.0831,,False
ENT0240,Junmoni Kalita,Sri Kirana Store,43,ST08,Kirana Store,RETAIL,5,Nagaon,Assam,Central Brahmaputra Valley,Nagaon East,-0.17673,0.03489,as,app,low,True,FO5,SHG05012,2023-08-07,5243.0,marginal,0.508,0.1341,,False
ENT0241,Kuni Mohanty,Sri Broiler Unit,59,ST02,Poultry Unit (broiler),POULTRY,6,Ganjam,Odisha,East Coastal Odisha,Ganjam West,0.20331,-0.09688,or,app,medium,False,FO6,SHG06019,2023-08-07,5656.0,marginal,0.668,0.1341,,False
ENT0242,Narayana Reddy,Sri Krishi FPO,50,ST06,FPO / Agri Aggregator,FOODPROC,3,Nizamabad,Telangana,Northern Telangana Zone,Nizamabad South,-0.11839,0.11252,te,app,medium,False,FO3,SHG03013,2023-08-02,4776.0,robust,0.499,0.0436,,False
ENT0243,Rekhaben Solanki,Sri Dairy,48,ST01,Dairy Producer,DAIRY,1,Anand,Gujarat,Middle Gujarat Alluvial Plain,Anand Rural,-0.21308,0.06245,gu,app,medium,False,FO1,,2023-08-21,3061.0,robust,0.499,0.0602,,False
ENT0244,Srinivas Rao,Sri Broiler Unit,24,ST02,Poultry Unit (broiler),POULTRY,3,Nizamabad,Telangana,Northern Telangana Zone,Nizamabad East,-0.04015,0.00454,te,app,low,False,FO3,,2023-08-06,4026.0,marginal,0.628,0.137,,False
ENT0245,Pramila Sahu,Nav Terracotta Unit,34,ST04,Pottery / Terracotta Unit,HANDICRAFT,6,Ganjam,Odisha,East Coastal Odisha,Ganjam North,0.18938,0.25791,or,app,low,False,FO6,SHG06029,2023-08-21,710.0,marginal,0.623,0.0722,,False
ENT0246,Pranab Bora,Shree Farmer Producer Co,29,ST06,FPO / Agri Aggregator,FOODPROC,5,Nagaon,Assam,Central Brahmaputra Valley,Nagaon South,-0.04024,0.32944,as,ivr,low,True,FO5,SHG05037,2023-08-20,5515.0,marginal,0.11,0.0061,,False
ENT0247,Jagabandhu Patra,Shree Kumhar Kala,54,ST04,Pottery / Terracotta Unit,HANDICRAFT,6,Ganjam,Odisha,East Coastal Odisha,Ganjam South,0.01996,-0.28092,or,app,low,True,FO6,SHG06039,2023-08-04,971.0,robust,0.673,0.1164,,False
ENT0248,Ramulu Reddy,Maa Fresh Greens,60,ST09,Vegetable Vendor,RETAIL,3,Nizamabad,Telangana,Northern Telangana Zone,Nizamabad East,0.2628,-0.15788,te,ivr,low,False,FO3,SHG03006,2023-08-06,1636.0,robust,0.097,0.0298,,False
ENT0249,Bhavnaben Rathod,Jai Silai Kendra,30,ST05,Tailoring Unit,HANDICRAFT,1,Anand,Gujarat,Middle Gujarat Alluvial Plain,Anand North,0.33436,0.24156,gu,app,medium,False,FO1,,2023-08-14,1211.0,marginal,0.69,0.121,,False
ENT0250,Sarala Reddy,Nav Krishi FPO,56,ST06,FPO / Agri Aggregator,FOODPROC,3,Nizamabad,Telangana,Northern Telangana Zone,Nizamabad South,-0.01226,0.17494,te,app,numerate,True,FO3,SHG03032,2023-08-21,4090.0,robust,0.534,0.1331,,False
ENT0251,Rameshbhai Rathod,Shree Krishi FPO,55,ST06,FPO / Agri Aggregator,FOODPROC,1,Anand,Gujarat,Middle Gujarat Alluvial Plain,Anand East,0.03566,-0.01099,gu,app,medium,False,FO1,,2023-08-11,9647.0,fragile,0.559,0.0756,,False
ENT0252,Venkatesh Goud,Maa Murgi Palan,55,ST02,Poultry Unit (broiler),POULTRY,3,Nizamabad,Telangana,Northern Telangana Zone,Nizamabad West,-0.33001,0.06738,te,assisted,numerate,False,FO3,SHG03001,2023-08-13,3921.0,marginal,0.073,0.0146,,False
