task_id,alert_id,enterprise_id,officer_id,assigned_on,priority_score,status
TK00001,AL00001,ENT0001,FO1,2024-03-01,0.5511,closed
TK00002,AL00002,ENT0001,FO1,2024-05-03,0.7557,open
TK00003,AL00003,ENT0001,FO1,2024-07-03,0.4054,closed
TK00004,AL00004,ENT0001,FO1,2024-09-04,0.5467,open
TK00005,AL00005,ENT0001,FO1,2024-12-01,0.4033,open
TK00006,AL00006,ENT0001,FO1,2025-03-02,0.4044,closed
TK00007,AL00007,ENT0001,FO1,2025-05-03,0.6896,closed
TK00008,AL00008,ENT0001,FO1,2025-07-04,0.5556,closed
TK00009,AL00009,ENT0001,FO1,2025-09-03,0.3889,closed
TK00010,AL00010,ENT0001,FO1,2026-01-03,0.3888,closed
TK00011,AL00011,ENT0001,FO1,2026-04-04,0.4998,open
TK00012,AL00012,ENT0001,FO1,2026-06-01,0.5898,closed
TK00013,AL00013,ENT0001,FO1,2026-08-02,0.3914,closed
TK00014,AL00014,ENT0002,FO5,2023-12-01,0.4731,closed
TK00015,AL00015,ENT0002,FO5,2025-05-02,0.4111,open
TK00016,AL00016,ENT0002,FO5,2026-05-03,0.4169,closed
TK00017,AL00017,ENT0003,FO4,2023-12-03,0.6193,closed
TK00018,AL00018,ENT0003,FO4,2024-02-01,0.6089,closed
TK00019,AL00019,ENT0003,FO4,2024-04-04,0.3804,closed
TK00020,AL00020,ENT0003,FO4,2024-06-04,0.5018,closed
TK00021,AL00021,ENT0003,FO4,2024-12-04,0.3822,open
TK00022,AL00022,ENT0003,FO4,2026-05-01,0.4633,closed
TK00023,AL00023,ENT0004,FO3,2025-05-02,0.5211,closed
TK00024,AL00024,ENT0004,FO3,2026-05-01,0.4749,closed
TK00025,AL00025,ENT0005,FO2,2023-12-03,0.495,closed
TK00026,AL00026,ENT0005,FO2,2024-02-03,0.5214,open
TK00027,AL00027,ENT0005,FO2,2025-03-03,0.4053,closed
TK00028,AL00028,ENT0005,FO2,2025-05-02,0.3881,closed
TK00029,AL00029,ENT0005,FO2,2026-01-04,0.4227,closed
TK00030,AL00030,ENT0005,FO2,2026-05-03,0.388,closed
TK00031,AL00031,ENT0006,FO3,2024-03-03,0.5344,closed
TK00032,AL00032,ENT0006,FO3,2024-05-01,0.6295,closed
TK00033,AL00033,ENT0006,FO3,2024-07-01,0.5634,open
TK00034,AL00034,ENT0006,FO3,2024-09-03,0.508,closed
TK00035,AL00035,ENT0006,FO3,2024-11-01,0.3907,closed
TK00036,AL00036,ENT0006,FO3,2025-01-04,0.3819,closed
TK00037,AL00037,ENT0006,FO3,2025-04-01,0.708,open
TK00038,AL00038,ENT0006,FO3,2025-06-04,0.4741,closed
TK00039,AL00039,ENT0006,FO3,2025-08-01,0.4532,closed
TK00040,AL00040,ENT0006,FO3,2025-10-01,0.4038,closed
TK00041,AL00041,ENT0006,FO3,2026-04-03,0.5156,closed
TK00042,AL00042,ENT0006,FO3,2026-06-02,0.5732,closed
TK00043,AL00043,ENT0006,FO3,2026-08-04,0.3824,closed
TK00044,AL00044,ENT0007,FO3,2023-12-04,0.4437,closed
TK00045,AL00045,ENT0007,FO3,2024-03-01,0.7008,open
TK00046,AL00046,ENT0007,FO3,2024-05-04,0.6834,open
TK00047,AL00047,ENT0007,FO3,2024-07-01,0.5659,open
TK00048,AL00048,ENT0007,FO3,2024-09-02,0.5614,closed
TK00049,AL00049,ENT0007,FO3,2024-11-01,0.5319,closed
TK00050,AL00050,ENT0007,FO3,2025-05-02,0.4998,closed
TK00051,AL00051,ENT0007,FO3,2025-07-03,0.4415,closed
TK00052,AL00052,ENT0007,FO3,2025-09-04,0.3936,open
TK00053,AL00053,ENT0008,FO6,2025-07-02,0.3821,closed
TK00054,AL00054,ENT0009,FO4,2023-12-03,0.5171,closed
TK00055,AL00055,ENT0010,FO2,2024-09-03,0.3879,closed
TK00056,AL00056,ENT0011,FO2,2023-12-02,0.6881,closed
TK00057,AL00057,ENT0011,FO2,2024-02-03,0.5292,closed
TK00058,AL00058,ENT0011,FO2,2025-03-04,0.4055,closed
TK00059,AL00059,ENT0012,FO4,2026-05-01,0.4111,closed
TK00060,AL00060,ENT0013,FO5,2023-12-02,0.4345,closed
TK00061,AL00061,ENT0014,FO1,2024-02-04,0.4123,open
TK00062,AL00062,ENT0015,FO5,2024-03-01,0.4047,closed
TK00063,AL00063,ENT0015,FO5,2024-05-01,0.4096,closed
TK00064,AL00064,ENT0016,FO6,2023-12-02,0.6581,closed
TK00065,AL00065,ENT0016,FO6,2024-02-01,0.5422,closed
TK00066,AL00066,ENT0016,FO6,2024-04-04,0.7493,closed
TK00067,AL00067,ENT0016,FO6,2024-07-01,0.4286,closed
TK00068,AL00068,ENT0016,FO6,2024-09-03,0.5344,closed
TK00069,AL00069,ENT0016,FO6,2024-12-02,0.4655,open
TK00070,AL00070,ENT0016,FO6,2025-03-02,0.4583,open
TK00071,AL00071,ENT0017,FO5,2024-06-01,0.3974,closed
TK00072,AL00072,ENT0017,FO5,2026-06-02,0.402,closed
TK00073,AL00073,ENT0018,FO5,2025-08-03,0.4343,closed
TK00074,AL00074,ENT0019,FO3,2025-05-04,0.4503,closed
TK00075,AL00075,ENT0019,FO3,2025-08-02,0.4243,closed
TK00076,AL00076,ENT0019,FO3,2026-06-01,0.5293,closed
TK00077,AL00077,ENT0020,FO5,2023-12-03,0.4401,closed
TK00078,AL00078,ENT0020,FO5,2024-02-02,0.4694,closed
TK00079,AL00079,ENT0020,FO5,2026-05-01,0.4111,closed
TK00080,AL00080,ENT0022,FO1,2024-04-04,0.5489,open
TK00081,AL00081,ENT0022,FO1,2024-06-02,0.6641,closed
TK00082,AL00082,ENT0022,FO1,2025-05-02,0.4204,open
TK00083,AL00083,ENT0022,FO1,2025-07-01,0.3911,closed
TK00084,AL00084,ENT0022,FO1,2026-04-03,0.6468,closed
TK00085,AL00085,ENT0022,FO1,2026-06-04,0.6038,closed
TK00086,AL00086,ENT0023,FO4,2024-07-01,0.3823,open
TK00087,AL00087,ENT0023,FO4,2025-09-02,0.3822,closed
TK00088,AL00088,ENT0024,FO3,2025-05-03,0.501,closed
TK00089,AL00089,ENT0025,FO3,2025-05-02,0.4343,open
TK00090,AL00090,ENT0026,FO6,2023-12-04,0.4326,closed
TK00091,AL00091,ENT0026,FO6,2026-05-03,0.4748,closed
TK00092,AL00092,ENT0027,FO6,2025-07-04,0.4342,closed
TK00093,AL00093,ENT0028,FO2,2024-03-01,0.573,open
TK00094,AL00094,ENT0028,FO2,2024-05-01,0.7205,open
TK00095,AL00095,ENT0028,FO2,2024-07-04,0.4705,closed
TK00096,AL00096,ENT0028,FO2,2025-04-03,0.5588,closed
TK00097,AL00097,ENT0028,FO2,2025-06-04,0.5543,open
TK00098,AL00098,ENT0028,FO2,2025-08-04,0.5225,closed
TK00099,AL00099,ENT0028,FO2,2026-04-04,0.6884,closed
TK00100,AL00100,ENT0028,FO2,2026-06-02,0.4283,open
TK00101,AL00101,ENT0028,FO2,2026-08-01,0.3801,closed
TK00102,AL00102,ENT0029,FO4,2026-07-02,0.3827,closed
TK00103,AL00103,ENT0030,FO1,2024-04-03,0.8183,closed
TK00104,AL00104,ENT0030,FO1,2024-06-01,0.7279,open
TK00105,AL00105,ENT0030,FO1,2024-08-01,0.4667,closed
TK00106,AL00106,ENT0030,FO1,2026-05-04,0.7458,closed
TK00107,AL00107,ENT0031,FO1,2024-04-01,0.5814,closed
TK00108,AL00108,ENT0031,FO1,2024-06-03,0.7288,closed
TK00109,AL00109,ENT0031,FO1,2025-04-01,0.383,closed
TK00110,AL00110,ENT0031,FO1,2025-06-02,0.642,closed
TK00111,AL00111,ENT0031,FO1,2025-08-03,0.481,closed
TK00112,AL00112,ENT0031,FO1,2025-10-01,0.4468,open
TK00113,AL00113,ENT0031,FO1,2025-12-01,0.4009,closed
TK00114,AL00114,ENT0031,FO1,2026-03-03,0.6556,closed
TK00115,AL00115,ENT0031,FO1,2026-05-02,0.6108,closed
TK00116,AL00116,ENT0031,FO1,2026-07-03,0.4821,open
TK00117,AL00117,ENT0032,FO6,2025-09-03,0.3822,closed
TK00118,AL00118,ENT0033,FO6,2024-07-03,0.3826,open
TK00119,AL00119,ENT0033,FO6,2025-05-01,0.73,open
TK00120,AL00120,ENT0033,FO6,2025-07-03,0.6314,closed
TK00121,AL00121,ENT0033,FO6,2025-09-02,0.5397,closed
TK00122,AL00122,ENT0033,FO6,2025-11-03,0.5703,closed
TK00123,AL00123,ENT0033,FO6,2026-05-01,0.4619,closed
TK00124,AL00124,ENT0033,FO6,2026-07-04,0.5627,closed
TK00125,AL00125,ENT0034,FO6,2023-12-01,0.7421,closed
TK00126,AL00126,ENT0034,FO6,2024-02-03,0.4341,open
TK00127,AL00127,ENT0034,FO6,2024-04-03,0.4079,open
TK00128,AL00128,ENT0034,FO6,2024-06-02,0.7173,closed
TK00129,AL00129,ENT0034,FO6,2024-08-04,0.606,closed
TK00130,AL00130,ENT0034,FO6,2024-11-02,0.3913,closed
TK00131,AL00131,ENT0034,FO6,2025-04-04,0.3884,closed
TK00132,AL00132,ENT0034,FO6,2025-06-02,0.4,closed
TK00133,AL00133,ENT0035,FO4,2023-12-01,0.6182,closed
TK00134,AL00134,ENT0035,FO4,2024-02-01,0.4231,closed
TK00135,AL00135,ENT0035,FO4,2024-07-02,0.4012,closed
TK00136,AL00136,ENT0035,FO4,2024-09-02,0.4703,open
TK00137,AL00137,ENT0035,FO4,2024-11-03,0.4573,closed
TK00138,AL00138,ENT0035,FO4,2025-01-04,0.4091,closed
TK00139,AL00139,ENT0035,FO4,2026-05-01,0.498,closed
TK00140,AL00140,ENT0036,FO5,2024-02-01,0.4795,closed
TK00141,AL00141,ENT0036,FO5,2024-07-03,0.486,closed
TK00142,AL00142,ENT0036,FO5,2024-09-01,0.4139,open
TK00143,AL00143,ENT0036,FO5,2025-07-03,0.5026,closed
TK00144,AL00144,ENT0036,FO5,2025-10-02,0.4413,closed
TK00145,AL00145,ENT0036,FO5,2026-01-01,0.4284,open
TK00146,AL00146,ENT0037,FO2,2023-12-03,0.5038,open
TK00147,AL00147,ENT0037,FO2,2024-08-02,0.6333,closed
TK00148,AL00148,ENT0037,FO2,2024-10-02,0.4951,closed
TK00149,AL00149,ENT0037,FO2,2025-01-03,0.4292,open
TK00150,AL00150,ENT0037,FO2,2025-05-02,0.4461,closed
TK00151,AL00151,ENT0037,FO2,2026-04-03,0.4806,closed
TK00152,AL00152,ENT0038,FO4,2024-03-03,0.4763,open
TK00153,AL00153,ENT0038,FO4,2024-05-02,0.7406,closed
TK00154,AL00154,ENT0038,FO4,2024-07-01,0.4903,closed
TK00155,AL00155,ENT0038,FO4,2025-04-04,0.4677,closed
TK00156,AL00156,ENT0038,FO4,2025-06-04,0.465,closed
TK00157,AL00157,ENT0038,FO4,2026-05-02,0.5516,closed
TK00158,AL00158,ENT0038,FO4,2026-07-02,0.5255,closed
TK00159,AL00159,ENT0039,FO4,2023-12-02,0.588,closed
TK00160,AL00160,ENT0039,FO4,2024-02-01,0.5075,closed
TK00161,AL00161,ENT0039,FO4,2024-07-03,0.5578,closed
TK00162,AL00162,ENT0039,FO4,2024-09-01,0.3817,open
TK00163,AL00163,ENT0039,FO4,2024-11-02,0.4494,closed
TK00164,AL00164,ENT0039,FO4,2025-09-04,0.4264,closed
TK00165,AL00165,ENT0040,FO5,2023-12-04,0.5151,closed
TK00166,AL00166,ENT0040,FO5,2024-02-04,0.561,open
TK00167,AL00167,ENT0040,FO5,2024-04-04,0.4601,open
TK00168,AL00168,ENT0041,FO2,2025-05-04,0.3841,open
TK00169,AL00169,ENT0041,FO2,2025-09-04,0.4825,closed
TK00170,AL00170,ENT0041,FO2,2026-07-01,0.4557,closed
TK00171,AL00171,ENT0042,FO4,2024-06-01,0.4127,closed
TK00172,AL00172,ENT0045,FO3,2025-05-02,0.3963,open
TK00173,AL00173,ENT0045,FO3,2025-09-01,0.3828,closed
TK00174,AL00174,ENT0045,FO3,2026-07-03,0.4432,closed
TK00175,AL00175,ENT0047,FO2,2024-09-04,0.4406,open
TK00176,AL00176,ENT0048,FO4,2023-12-04,0.7474,open
TK00177,AL00177,ENT0048,FO4,2024-02-02,0.4758,closed
TK00178,AL00178,ENT0048,FO4,2024-08-04,0.5493,closed
TK00179,AL00179,ENT0048,FO4,2026-05-03,0.3824,closed
TK00180,AL00180,ENT0049,FO5,2023-12-03,0.5439,closed
TK00181,AL00181,ENT0049,FO5,2024-09-04,0.4682,closed
TK00182,AL00182,ENT0049,FO5,2024-12-01,0.5052,closed
TK00183,AL00183,ENT0050,FO6,2023-12-02,0.509,closed
TK00184,AL00184,ENT0050,FO6,2024-02-01,0.4818,open
TK00185,AL00185,ENT0050,FO6,2024-04-02,0.4056,open
TK00186,AL00186,ENT0051,FO2,2023-12-01,0.4781,open
TK00187,AL00187,ENT0051,FO2,2026-01-03,0.458,open
TK00188,AL00188,ENT0051,FO2,2026-05-04,0.3943,closed
TK00189,AL00189,ENT0051,FO2,2026-07-04,0.4518,open
TK00190,AL00190,ENT0054,FO4,2024-03-03,0.5312,closed
TK00191,AL00191,ENT0054,FO4,2024-05-03,0.8393,closed
TK00192,AL00192,ENT0054,FO4,2024-07-02,0.573,closed
TK00193,AL00193,ENT0054,FO4,2026-05-03,0.5369,closed
TK00194,AL00194,ENT0054,FO4,2026-07-01,0.3821,closed
TK00195,AL00195,ENT0055,FO5,2023-12-03,0.7265,closed
TK00196,AL00196,ENT0055,FO5,2024-02-01,0.5717,closed
TK00197,AL00197,ENT0056,FO1,2024-09-03,0.3879,closed
TK00198,AL00198,ENT0056,FO1,2025-08-02,0.3821,closed
TK00199,AL00199,ENT0056,FO1,2026-07-02,0.3821,open
TK00200,AL00200,ENT0057,FO3,2025-05-04,0.469,closed
TK00201,AL00201,ENT0058,FO1,2026-05-02,0.469,closed
TK00202,AL00202,ENT0059,FO3,2025-05-01,0.5269,closed
TK00203,AL00203,ENT0060,FO4,2024-07-03,0.3821,closed
TK00204,AL00204,ENT0060,FO4,2026-07-04,0.3821,closed
TK00205,AL00205,ENT0061,FO4,2024-07-01,0.3821,closed
TK00206,AL00206,ENT0061,FO4,2025-11-02,0.3995,closed
TK00207,AL00207,ENT0061,FO4,2026-07-01,0.4921,open
TK00208,AL00208,ENT0062,FO5,2026-05-03,0.3855,closed
TK00209,AL00209,ENT0062,FO5,2026-07-02,0.4404,closed
TK00210,AL00210,ENT0064,FO5,2025-05-03,0.382,closed
TK00211,AL00211,ENT0064,FO5,2026-05-03,0.4411,open
TK00212,AL00212,ENT0065,FO4,2023-12-03,0.4227,closed
TK00213,AL00213,ENT0065,FO4,2024-03-03,0.5771,closed
TK00214,AL00214,ENT0065,FO4,2024-05-02,0.5925,closed
TK00215,AL00215,ENT0065,FO4,2025-05-03,0.5212,open
TK00216,AL00216,ENT0065,FO4,2026-05-03,0.4053,closed
TK00217,AL00217,ENT0066,FO1,2024-03-03,0.4336,closed
TK00218,AL00218,ENT0066,FO1,2024-05-03,0.6907,open
TK00219,AL00219,ENT0066,FO1,2024-07-01,0.4123,closed
TK00220,AL00220,ENT0066,FO1,2025-04-02,0.4837,closed
TK00221,AL00221,ENT0066,FO1,2025-06-03,0.5369,closed
TK00222,AL00222,ENT0066,FO1,2026-03-04,0.5542,closed
TK00223,AL00223,ENT0066,FO1,2026-05-02,0.8624,closed
TK00224,AL00224,ENT0066,FO1,2026-07-03,0.5261,open
TK00225,AL00225,ENT0067,FO2,2023-12-04,0.4756,open
TK00226,AL00226,ENT0067,FO2,2024-02-01,0.5794,closed
TK00227,AL00227,ENT0067,FO2,2024-04-02,0.6349,closed
TK00228,AL00228,ENT0067,FO2,2024-06-04,0.8249,closed
TK00229,AL00229,ENT0067,FO2,2024-08-04,0.5753,closed
TK00230,AL00230,ENT0067,FO2,2024-10-04,0.462,closed
TK00231,AL00231,ENT0067,FO2,2024-12-04,0.6837,closed
TK00232,AL00232,ENT0067,FO2,2025-02-02,0.8021,open
TK00233,AL00233,ENT0067,FO2,2025-05-01,0.6348,closed
TK00234,AL00234,ENT0067,FO2,2025-07-02,0.7965,open
TK00235,AL00235,ENT0067,FO2,2025-09-01,0.4595,closed
TK00236,AL00236,ENT0067,FO2,2025-11-02,0.5531,open
TK00237,AL00237,ENT0067,FO2,2026-01-01,0.5544,closed
TK00238,AL00238,ENT0067,FO2,2026-05-01,0.4489,closed
TK00239,AL00239,ENT0068,FO6,2025-08-03,0.4342,closed
TK00240,AL00240,ENT0069,FO2,2023-12-03,0.5401,open
TK00241,AL00241,ENT0069,FO2,2025-03-04,0.4516,closed
TK00242,AL00242,ENT0071,FO2,2025-07-01,0.3827,closed
TK00243,AL00243,ENT0071,FO2,2025-09-03,0.3823,closed
TK00244,AL00244,ENT0072,FO6,2023-12-02,0.6497,closed
TK00245,AL00245,ENT0073,FO3,2023-12-04,0.7771,closed
TK00246,AL00246,ENT0073,FO3,2024-05-04,0.4346,closed
TK00247,AL00247,ENT0073,FO3,2025-05-04,0.4111,closed
TK00248,AL00248,ENT0074,FO3,2023-12-03,0.4659,closed
TK00249,AL00249,ENT0074,FO3,2025-05-02,0.4111,closed
TK00250,AL00250,ENT0074,FO3,2026-05-01,0.4111,closed
TK00251,AL00251,ENT0075,FO6,2025-05-04,0.8408,closed
TK00252,AL00252,ENT0075,FO6,2025-07-01,0.7766,closed
TK00253,AL00253,ENT0075,FO6,2025-09-03,0.4027,closed
TK00254,AL00254,ENT0075,FO6,2025-11-02,0.3812,open
TK00255,AL00255,ENT0075,FO6,2026-05-01,0.3978,closed
TK00256,AL00256,ENT0075,FO6,2026-07-02,0.401,closed
TK00257,AL00257,ENT0076,FO5,2023-12-02,0.5664,open
TK00258,AL00258,ENT0076,FO5,2024-02-03,0.7202,closed
TK00259,AL00259,ENT0076,FO5,2024-04-02,0.7427,closed
TK00260,AL00260,ENT0076,FO5,2024-06-01,0.4325,closed
TK00261,AL00261,ENT0076,FO5,2024-08-02,0.3963,closed
TK00262,AL00262,ENT0076,FO5,2024-12-03,0.4606,closed
TK00263,AL00263,ENT0076,FO5,2026-01-02,0.4288,closed
TK00264,AL00264,ENT0077,FO5,2023-12-01,0.3854,closed
TK00265,AL00265,ENT0077,FO5,2025-03-04,0.4574,open
TK00266,AL00266,ENT0077,FO5,2025-05-03,0.388,closed
TK00267,AL00267,ENT0079,FO2,2023-12-01,0.6219,closed
TK00268,AL00268,ENT0079,FO2,2024-02-04,0.4703,closed
TK00269,AL00269,ENT0080,FO3,2024-04-02,0.5649,closed
TK00270,AL00270,ENT0080,FO3,2024-06-04,0.4184,closed
TK00271,AL00271,ENT0080,FO3,2024-08-03,0.5315,closed
TK00272,AL00272,ENT0080,FO3,2025-03-02,0.4508,closed
TK00273,AL00273,ENT0080,FO3,2025-05-02,0.6499,closed
TK00274,AL00274,ENT0080,FO3,2025-07-04,0.556,closed
TK00275,AL00275,ENT0080,FO3,2025-10-02,0.3877,closed
TK00276,AL00276,ENT0080,FO3,2026-01-02,0.4991,closed
TK00277,AL00277,ENT0080,FO3,2026-04-01,0.8305,closed
TK00278,AL00278,ENT0080,FO3,2026-06-01,0.58,closed
TK00279,AL00279,ENT0081,FO4,2024-05-02,0.6561,closed
TK00280,AL00280,ENT0081,FO4,2024-07-01,0.505,open
TK00281,AL00281,ENT0081,FO4,2024-09-02,0.4001,closed
TK00282,AL00282,ENT0081,FO4,2026-05-02,0.7316,open
TK00283,AL00283,ENT0081,FO4,2026-07-04,0.4616,closed
TK00284,AL00284,ENT0082,FO4,2024-06-04,0.4431,closed
TK00285,AL00285,ENT0082,FO4,2026-05-04,0.4171,open
TK00286,AL00286,ENT0083,FO1,2023-12-03,0.5395,closed
TK00287,AL00287,ENT0083,FO1,2024-02-02,0.7638,closed
TK00288,AL00288,ENT0083,FO1,2024-04-02,0.4218,closed
TK00289,AL00289,ENT0083,FO1,2024-06-03,0.5143,closed
TK00290,AL00290,ENT0083,FO1,2026-05-03,0.5211,open
TK00291,AL00291,ENT0084,FO4,2024-01-04,0.4214,closed
TK00292,AL00292,ENT0084,FO4,2026-05-02,0.388,closed
TK00293,AL00293,ENT0085,FO6,2025-03-01,0.4073,closed
TK00294,AL00294,ENT0085,FO6,2025-05-04,0.7694,closed
TK00295,AL00295,ENT0085,FO6,2025-07-02,0.5438,closed
TK00296,AL00296,ENT0085,FO6,2025-09-03,0.4664,closed
TK00297,AL00297,ENT0085,FO6,2025-12-02,0.4911,closed
TK00298,AL00298,ENT0085,FO6,2026-03-01,0.6041,closed
TK00299,AL00299,ENT0085,FO6,2026-05-03,0.6566,closed
TK00300,AL00300,ENT0085,FO6,2026-07-02,0.5523,closed
TK00301,AL00301,ENT0086,FO1,2024-04-03,0.7309,closed
TK00302,AL00302,ENT0086,FO1,2024-06-02,0.72,closed
TK00303,AL00303,ENT0086,FO1,2024-08-01,0.3939,open
TK00304,AL00304,ENT0086,FO1,2025-07-02,0.3864,closed
TK00305,AL00305,ENT0086,FO1,2026-05-01,0.5225,open
TK00306,AL00306,ENT0087,FO1,2024-03-01,0.4445,open
TK00307,AL00307,ENT0087,FO1,2024-05-03,0.7868,closed
TK00308,AL00308,ENT0087,FO1,2024-07-03,0.467,closed
TK00309,AL00309,ENT0087,FO1,2025-06-04,0.4007,closed
TK00310,AL00310,ENT0087,FO1,2026-05-03,0.4883,closed
TK00311,AL00311,ENT0087,FO1,2026-07-01,0.4016,closed
TK00312,AL00312,ENT0089,FO2,2024-03-02,0.5175,closed
TK00313,AL00313,ENT0089,FO2,2024-05-02,0.5541,closed
TK00314,AL00314,ENT0089,FO2,2024-07-01,0.4689,closed
TK00315,AL00315,ENT0089,FO2,2024-09-04,0.4281,closed
TK00316,AL00316,ENT0089,FO2,2025-03-02,0.4175,closed
TK00317,AL00317,ENT0089,FO2,2025-05-03,0.7359,closed
TK00318,AL00318,ENT0089,FO2,2025-07-02,0.4594,open
TK00319,AL00319,ENT0089,FO2,2025-09-04,0.5018,open
TK00320,AL00320,ENT0089,FO2,2026-04-03,0.6418,open
TK00321,AL00321,ENT0089,FO2,2026-06-04,0.6038,closed
TK00322,AL00322,ENT0089,FO2,2026-08-04,0.4218,closed
TK00323,AL00323,ENT0090,FO4,2023-12-01,0.4619,open
TK00324,AL00324,ENT0090,FO4,2026-05-02,0.5211,closed
TK00325,AL00325,ENT0091,FO4,2024-03-01,0.6202,open
TK00326,AL00326,ENT0091,FO4,2024-05-04,0.7342,closed
TK00327,AL00327,ENT0091,FO4,2024-07-01,0.5686,closed
TK00328,AL00328,ENT0091,FO4,2025-04-02,0.5751,closed
TK00329,AL00329,ENT0091,FO4,2025-06-01,0.4676,closed
TK00330,AL00330,ENT0091,FO4,2025-08-01,0.4994,open
TK00331,AL00331,ENT0091,FO4,2026-04-03,0.5314,open
TK00332,AL00332,ENT0091,FO4,2026-06-02,0.5543,closed
TK00333,AL00333,ENT0091,FO4,2026-08-01,0.5402,closed
TK00334,AL00334,ENT0093,FO5,2025-10-03,0.4347,closed
TK00335,AL00335,ENT0094,FO5,2023-12-04,0.421,closed
TK00336,AL00336,ENT0094,FO5,2024-02-03,0.4536,closed
TK00337,AL00337,ENT0094,FO5,2024-04-02,0.4619,open
TK00338,AL00338,ENT0094,FO5,2024-06-03,0.3828,open
TK00339,AL00339,ENT0094,FO5,2025-05-04,0.4057,open
TK00340,AL00340,ENT0094,FO5,2026-05-04,0.4632,closed
TK00341,AL00341,ENT0095,FO4,2024-06-02,0.3971,closed
TK00342,AL00342,ENT0095,FO4,2025-05-02,0.4361,closed
TK00343,AL00343,ENT0095,FO4,2026-05-03,0.4594,closed
TK00344,AL00344,ENT0095,FO4,2026-07-03,0.3863,closed
TK00345,AL00345,ENT0096,FO1,2025-07-03,0.3821,closed
TK00346,AL00346,ENT0098,FO4,2024-07-03,0.4342,closed
TK00347,AL00347,ENT0098,FO4,2025-08-01,0.4342,open
TK00348,AL00348,ENT0098,FO4,2025-10-01,0.4342,closed
TK00349,AL00349,ENT0098,FO4,2026-07-01,0.3822,closed
TK00350,AL00350,ENT0099,FO4,2024-07-03,0.3821,open
TK00351,AL00351,ENT0099,FO4,2025-11-02,0.3995,open
TK00352,AL00352,ENT0099,FO4,2026-07-03,0.3825,open
TK00353,AL00353,ENT0100,FO5,2023-12-01,0.5511,closed
TK00354,AL00354,ENT0100,FO5,2024-02-02,0.6458,open
TK00355,AL00355,ENT0100,FO5,2024-04-04,0.43,open
TK00356,AL00356,ENT0100,FO5,2024-06-04,0.4598,closed
TK00357,AL00357,ENT0101,FO6,2023-12-04,0.452,closed
TK00358,AL00358,ENT0101,FO6,2025-03-03,0.5165,closed
TK00359,AL00359,ENT0102,FO6,2025-08-04,0.3821,closed
TK00360,AL00360,ENT0104,FO3,2024-01-02,0.3872,closed
TK00361,AL00361,ENT0104,FO3,2024-05-04,0.4738,closed
TK00362,AL00362,ENT0104,FO3,2024-07-02,0.4735,open
TK00363,AL00363,ENT0104,FO3,2024-09-03,0.7568,closed
TK00364,AL00364,ENT0104,FO3,2024-11-03,0.4524,closed
TK00365,AL00365,ENT0104,FO3,2025-01-03,0.4359,closed
TK00366,AL00366,ENT0104,FO3,2025-04-03,0.6138,closed
TK00367,AL00367,ENT0104,FO3,2025-06-04,0.6672,closed
TK00368,AL00368,ENT0104,FO3,2025-08-01,0.5468,open
TK00369,AL00369,ENT0104,FO3,2025-10-01,0.5732,closed
TK00370,AL00370,ENT0104,FO3,2025-12-03,0.4359,closed
TK00371,AL00371,ENT0104,FO3,2026-03-03,0.6212,closed
TK00372,AL00372,ENT0104,FO3,2026-05-02,0.6039,closed
TK00373,AL00373,ENT0104,FO3,2026-07-02,0.5499,open
TK00374,AL00374,ENT0105,FO5,2023-12-04,0.4071,closed
TK00375,AL00375,ENT0106,FO5,2025-09-01,0.4343,open
TK00376,AL00376,ENT0107,FO1,2024-03-02,0.5316,closed
TK00377,AL00377,ENT0107,FO1,2024-05-01,0.853,open
TK00378,AL00378,ENT0107,FO1,2024-07-03,0.5395,closed
TK00379,AL00379,ENT0107,FO1,2024-09-03,0.4826,open
TK00380,AL00380,ENT0107,FO1,2025-02-04,0.3965,closed
TK00381,AL00381,ENT0107,FO1,2025-05-03,0.6084,closed
TK00382,AL00382,ENT0107,FO1,2025-07-02,0.4681,closed
TK00383,AL00383,ENT0107,FO1,2025-10-04,0.3854,closed
TK00384,AL00384,ENT0107,FO1,2026-03-04,0.4557,closed
TK00385,AL00385,ENT0107,FO1,2026-05-02,0.8562,closed
TK00386,AL00386,ENT0107,FO1,2026-07-02,0.4696,open
TK00387,AL00387,ENT0108,FO3,2025-05-03,0.4256,closed
TK00388,AL00388,ENT0108,FO3,2025-08-03,0.4416,closed
TK00389,AL00389,ENT0108,FO3,2026-05-02,0.6179,closed
TK00390,AL00390,ENT0108,FO3,2026-07-02,0.5588,closed
TK00391,AL00391,ENT0109,FO1,2023-12-02,0.6432,closed
TK00392,AL00392,ENT0109,FO1,2024-02-01,0.5215,closed
TK00393,AL00393,ENT0109,FO1,2024-04-02,0.4296,closed
TK00394,AL00394,ENT0109,FO1,2024-06-04,0.4309,closed
TK00395,AL00395,ENT0109,FO1,2026-05-02,0.5211,closed
TK00396,AL00396,ENT0111,FO5,2023-12-01,0.704,open
TK00397,AL00397,ENT0111,FO5,2024-02-04,0.5683,open
TK00398,AL00398,ENT0111,FO5,2024-04-01,0.6321,closed
TK00399,AL00399,ENT0111,FO5,2024-06-01,0.6942,closed
TK00400,AL00400,ENT0111,FO5,2024-08-01,0.5684,closed
TK00401,AL00401,ENT0111,FO5,2024-10-04,0.5903,closed
TK00402,AL00402,ENT0111,FO5,2024-12-01,0.525,open
TK00403,AL00403,ENT0111,FO5,2025-02-01,0.4331,closed
TK00404,AL00404,ENT0111,FO5,2025-05-02,0.4721,closed
TK00405,AL00405,ENT0111,FO5,2025-08-02,0.5198,closed
TK00406,AL00406,ENT0111,FO5,2025-10-01,0.4569,closed
TK00407,AL00407,ENT0111,FO5,2025-12-04,0.3807,closed
TK00408,AL00408,ENT0111,FO5,2026-03-01,0.3938,closed
TK00409,AL00409,ENT0112,FO4,2024-07-04,0.44,closed
TK00410,AL00410,ENT0112,FO4,2024-09-01,0.3823,closed
TK00411,AL00411,ENT0112,FO4,2025-07-03,0.3821,closed
TK00412,AL00412,ENT0112,FO4,2026-07-01,0.3821,closed
TK00413,AL00413,ENT0113,FO1,2024-03-03,0.4223,closed
TK00414,AL00414,ENT0113,FO1,2024-05-01,0.5621,closed
TK00415,AL00415,ENT0113,FO1,2024-07-02,0.7318,open
TK00416,AL00416,ENT0113,FO1,2024-09-03,0.5776,closed
TK00417,AL00417,ENT0113,FO1,2024-12-04,0.5569,closed
TK00418,AL00418,ENT0113,FO1,2025-05-03,0.7781,closed
TK00419,AL00419,ENT0113,FO1,2025-07-02,0.6445,closed
TK00420,AL00420,ENT0113,FO1,2025-09-01,0.5623,closed
TK00421,AL00421,ENT0113,FO1,2026-05-03,0.46,open
TK00422,AL00422,ENT0113,FO1,2026-07-03,0.5533,closed
TK00423,AL00423,ENT0114,FO3,2025-05-04,0.4343,closed
TK00424,AL00424,ENT0115,FO4,2024-03-02,0.5101,open
TK00425,AL00425,ENT0115,FO4,2024-05-01,0.7231,open
TK00426,AL00426,ENT0115,FO4,2024-07-01,0.4702,closed
TK00427,AL00427,ENT0115,FO4,2025-04-01,0.4903,closed
TK00428,AL00428,ENT0115,FO4,2025-06-01,0.4688,closed
TK00429,AL00429,ENT0115,FO4,2025-08-04,0.5023,open
TK00430,AL00430,ENT0115,FO4,2025-10-01,0.3907,open
TK00431,AL00431,ENT0115,FO4,2026-05-04,0.5364,open
TK00432,AL00432,ENT0115,FO4,2026-07-03,0.4205,closed
TK00433,AL00433,ENT0116,FO2,2024-09-04,0.3879,open
TK00434,AL00434,ENT0117,FO6,2023-12-03,0.5296,closed
TK00435,AL00435,ENT0117,FO6,2024-05-01,0.4243,closed
TK00436,AL00436,ENT0117,FO6,2026-05-01,0.4111,closed
TK00437,AL00437,ENT0118,FO2,2026-06-04,0.4053,closed
TK00438,AL00438,ENT0119,FO4,2024-07-01,0.3853,open
TK00439,AL00439,ENT0119,FO4,2026-07-01,0.3851,closed
TK00440,AL00440,ENT0120,FO3,2024-03-03,0.4575,closed
TK00441,AL00441,ENT0120,FO3,2026-03-04,0.4053,closed
TK00442,AL00442,ENT0120,FO3,2026-05-04,0.3881,closed
TK00443,AL00443,ENT0121,FO1,2024-04-01,0.4215,closed
TK00444,AL00444,ENT0121,FO1,2024-06-03,0.4788,open
TK00445,AL00445,ENT0121,FO1,2026-04-04,0.5495,open
TK00446,AL00446,ENT0121,FO1,2026-06-04,0.4468,open
TK00447,AL00447,ENT0122,FO2,2023-12-04,0.3915,closed
TK00448,AL00448,ENT0122,FO2,2024-02-01,0.5344,open
TK00449,AL00449,ENT0123,FO3,2023-12-01,0.4231,closed
TK00450,AL00450,ENT0123,FO3,2024-05-02,0.431,closed
TK00451,AL00451,ENT0123,FO3,2025-05-01,0.5214,closed
TK00452,AL00452,ENT0124,FO1,2024-04-01,0.3839,closed
TK00453,AL00453,ENT0124,FO1,2024-06-01,0.5137,closed
TK00454,AL00454,ENT0124,FO1,2024-08-03,0.4714,closed
TK00455,AL00455,ENT0124,FO1,2025-06-03,0.4039,closed
TK00456,AL00456,ENT0124,FO1,2026-05-03,0.7942,open
TK00457,AL00457,ENT0124,FO1,2026-07-04,0.3819,open
TK00458,AL00458,ENT0125,FO3,2025-05-04,0.4511,closed
TK00459,AL00459,ENT0125,FO3,2025-07-01,0.4492,closed
TK00460,AL00460,ENT0125,FO3,2026-05-01,0.4096,closed
TK00461,AL00461,ENT0125,FO3,2026-07-04,0.5108,closed
TK00462,AL00462,ENT0126,FO5,2023-12-03,0.6087,closed
TK00463,AL00463,ENT0127,FO3,2025-05-01,0.4111,closed
TK00464,AL00464,ENT0128,FO1,2026-05-02,0.4343,closed
TK00465,AL00465,ENT0128,FO1,2026-07-04,0.3824,closed
TK00466,AL00466,ENT0130,FO3,2024-08-04,0.3843,closed
TK00467,AL00467,ENT0130,FO3,2025-05-03,0.4581,closed
TK00468,AL00468,ENT0130,FO3,2025-07-03,0.4528,open
TK00469,AL00469,ENT0130,FO3,2025-09-03,0.4347,open
TK00470,AL00470,ENT0130,FO3,2026-05-03,0.4461,closed
TK00471,AL00471,ENT0130,FO3,2026-07-02,0.4729,open
TK00472,AL00472,ENT0131,FO3,2025-05-03,0.8767,open
TK00473,AL00473,ENT0131,FO3,2025-07-01,0.7635,closed
TK00474,AL00474,ENT0131,FO3,2025-09-03,0.4769,closed
TK00475,AL00475,ENT0131,FO3,2025-12-01,0.4396,open
TK00476,AL00476,ENT0131,FO3,2026-07-03,0.543,open
TK00477,AL00477,ENT0132,FO2,2024-09-02,0.3828,closed
TK00478,AL00478,ENT0132,FO2,2025-08-04,0.4346,closed
TK00479,AL00479,ENT0132,FO2,2025-10-02,0.3824,closed
TK00480,AL00480,ENT0132,FO2,2026-06-02,0.4053,open
TK00481,AL00481,ENT0133,FO2,2024-03-04,0.4054,closed
TK00482,AL00482,ENT0133,FO2,2025-12-03,0.4227,closed
TK00483,AL00483,ENT0133,FO2,2026-03-01,0.4575,open
TK00484,AL00484,ENT0133,FO2,2026-05-02,0.4462,closed
TK00485,AL00485,ENT0134,FO5,2023-12-02,0.7275,closed
TK00486,AL00486,ENT0134,FO5,2024-02-04,0.6587,closed
TK00487,AL00487,ENT0134,FO5,2024-04-02,0.4504,closed
TK00488,AL00488,ENT0134,FO5,2024-06-01,0.4622,closed
TK00489,AL00489,ENT0134,FO5,2025-05-02,0.5272,closed
TK00490,AL00490,ENT0135,FO6,2023-12-04,0.4,closed
TK00491,AL00491,ENT0136,FO6,2024-07-01,0.4054,closed
TK00492,AL00492,ENT0136,FO6,2025-06-02,0.3947,open
TK00493,AL00493,ENT0136,FO6,2025-08-03,0.3831,closed
TK00494,AL00494,ENT0136,FO6,2026-05-02,0.4581,closed
TK00495,AL00495,ENT0137,FO2,2024-04-03,0.6371,closed
TK00496,AL00496,ENT0137,FO2,2024-06-01,0.5039,open
TK00497,AL00497,ENT0137,FO2,2024-08-04,0.4644,closed
TK00498,AL00498,ENT0137,FO2,2025-04-01,0.5456,closed
TK00499,AL00499,ENT0137,FO2,2025-06-01,0.718,closed
TK00500,AL00500,ENT0137,FO2,2025-09-01,0.4365,closed
TK00501,AL00501,ENT0137,FO2,2026-03-04,0.3922,closed
TK00502,AL00502,ENT0137,FO2,2026-05-04,0.5529,closed
TK00503,AL00503,ENT0137,FO2,2026-07-01,0.5575,closed
TK00504,AL00504,ENT0138,FO2,2023-12-04,0.5017,closed
TK00505,AL00505,ENT0138,FO2,2024-02-03,0.8291,closed
TK00506,AL00506,ENT0138,FO2,2024-04-02,0.8988,closed
TK00507,AL00507,ENT0138,FO2,2024-06-03,0.6187,closed
TK00508,AL00508,ENT0138,FO2,2024-08-01,0.5683,closed
TK00509,AL00509,ENT0138,FO2,2024-10-04,0.4786,closed
TK00510,AL00510,ENT0138,FO2,2024-12-02,0.4929,closed
TK00511,AL00511,ENT0138,FO2,2025-02-03,0.5678,closed
TK00512,AL00512,ENT0138,FO2,2025-05-03,0.9134,closed
TK00513,AL00513,ENT0138,FO2,2025-07-01,0.607,closed
TK00514,AL00514,ENT0138,FO2,2025-09-02,0.5101,open
TK00515,AL00515,ENT0138,FO2,2025-11-01,0.5367,closed
TK00516,AL00516,ENT0138,FO2,2026-01-03,0.5322,open
TK00517,AL00517,ENT0138,FO2,2026-04-02,0.5075,closed
TK00518,AL00518,ENT0139,FO3,2024-09-02,0.388,closed
TK00519,AL00519,ENT0139,FO3,2025-08-03,0.3821,closed
TK00520,AL00520,ENT0140,FO6,2023-12-03,0.7544,closed
TK00521,AL00521,ENT0140,FO6,2024-02-02,0.5836,open
TK00522,AL00522,ENT0140,FO6,2024-04-02,0.9238,closed
TK00523,AL00523,ENT0140,FO6,2024-06-01,0.5973,closed
TK00524,AL00524,ENT0140,FO6,2024-08-02,0.5966,open
TK00525,AL00525,ENT0140,FO6,2024-10-02,0.5613,closed
TK00526,AL00526,ENT0140,FO6,2024-12-02,0.62,closed
TK00527,AL00527,ENT0140,FO6,2025-02-04,0.8446,closed
TK00528,AL00528,ENT0140,FO6,2025-05-02,0.6809,open
TK00529,AL00529,ENT0140,FO6,2025-07-02,0.8195,closed
TK00530,AL00530,ENT0140,FO6,2025-09-04,0.5716,closed
TK00531,AL00531,ENT0140,FO6,2025-11-01,0.5721,closed
TK00532,AL00532,ENT0140,FO6,2026-01-04,0.559,open
TK00533,AL00533,ENT0140,FO6,2026-04-01,0.6943,open
TK00534,AL00534,ENT0140,FO6,2026-06-03,0.5707,open
TK00535,AL00535,ENT0140,FO6,2026-08-01,0.4265,open
TK00536,AL00536,ENT0141,FO6,2023-12-03,0.5212,closed
TK00537,AL00537,ENT0141,FO6,2024-03-02,0.5602,open
TK00538,AL00538,ENT0141,FO6,2025-01-01,0.424,open
TK00539,AL00539,ENT0141,FO6,2025-11-01,0.4226,open
TK00540,AL00540,ENT0141,FO6,2026-05-04,0.4458,closed
TK00541,AL00541,ENT0143,FO6,2023-12-03,0.484,open
TK00542,AL00542,ENT0144,FO1,2024-03-04,0.5803,closed
TK00543,AL00543,ENT0144,FO1,2024-05-02,0.7793,closed
TK00544,AL00544,ENT0144,FO1,2024-07-02,0.5295,open
TK00545,AL00545,ENT0144,FO1,2024-09-03,0.5539,closed
TK00546,AL00546,ENT0144,FO1,2024-12-01,0.3956,closed
TK00547,AL00547,ENT0144,FO1,2025-04-01,0.433,open
TK00548,AL00548,ENT0144,FO1,2025-06-02,0.5576,closed
TK00549,AL00549,ENT0144,FO1,2026-04-01,0.5819,closed
TK00550,AL00550,ENT0144,FO1,2026-07-02,0.4801,open
TK00551,AL00551,ENT0146,FO6,2025-05-04,0.4169,open
TK00552,AL00552,ENT0147,FO1,2024-01-02,0.4166,closed
TK00553,AL00553,ENT0147,FO1,2024-03-02,0.4579,closed
TK00554,AL00554,ENT0147,FO1,2025-05-01,0.3938,closed
TK00555,AL00555,ENT0147,FO1,2026-03-02,0.4053,closed
TK00556,AL00556,ENT0147,FO1,2026-05-02,0.4459,closed
TK00557,AL00557,ENT0148,FO3,2023-12-01,0.5207,closed
TK00558,AL00558,ENT0148,FO3,2024-02-01,0.4578,closed
TK00559,AL00559,ENT0148,FO3,2024-05-04,0.4178,closed
TK00560,AL00560,ENT0148,FO3,2025-05-03,0.4111,closed
TK00561,AL00561,ENT0148,FO3,2026-05-03,0.4111,closed
TK00562,AL00562,ENT0149,FO5,2025-09-03,0.3824,closed
TK00563,AL00563,ENT0150,FO1,2024-01-01,0.5098,closed
TK00564,AL00564,ENT0150,FO1,2024-03-04,0.4495,closed
TK00565,AL00565,ENT0150,FO1,2026-05-02,0.4632,closed
TK00566,AL00566,ENT0151,FO1,2023-12-01,0.7542,closed
TK00567,AL00567,ENT0151,FO1,2024-02-02,0.4055,closed
TK00568,AL00568,ENT0151,FO1,2026-05-03,0.3883,open
TK00569,AL00569,ENT0152,FO4,2023-12-01,0.5125,closed
TK00570,AL00570,ENT0152,FO4,2024-02-01,0.6787,open
TK00571,AL00571,ENT0152,FO4,2024-04-04,0.509,open
TK00572,AL00572,ENT0152,FO4,2026-05-03,0.4169,closed
TK00573,AL00573,ENT0154,FO4,2025-08-02,0.3821,closed
TK00574,AL00574,ENT0154,FO4,2026-07-04,0.3821,closed
TK00575,AL00575,ENT0155,FO2,2024-06-03,0.3933,closed
TK00576,AL00576,ENT0155,FO2,2026-03-02,0.4088,open
TK00577,AL00577,ENT0155,FO2,2026-07-03,0.5304,closed
TK00578,AL00578,ENT0156,FO2,2023-12-02,0.4679,open
TK00579,AL00579,ENT0157,FO3,2023-12-03,0.4876,open
TK00580,AL00580,ENT0157,FO3,2024-02-01,0.6213,closed
TK00581,AL00581,ENT0157,FO3,2024-04-02,0.5817,closed
TK00582,AL00582,ENT0157,FO3,2024-06-03,0.4589,open
TK00583,AL00583,ENT0158,FO4,2025-05-04,0.5211,open
TK00584,AL00584,ENT0159,FO2,2023-12-02,0.5933,open
TK00585,AL00585,ENT0159,FO2,2025-05-01,0.5002,closed
TK00586,AL00586,ENT0160,FO5,2023-12-02,0.5464,open
TK00587,AL00587,ENT0160,FO5,2024-02-01,0.5837,open
TK00588,AL00588,ENT0160,FO5,2024-04-02,0.3924,open
TK00589,AL00589,ENT0160,FO5,2024-06-04,0.3862,open
TK00590,AL00590,ENT0160,FO5,2024-09-02,0.4236,closed
TK00591,AL00591,ENT0160,FO5,2024-12-04,0.4056,open
TK00592,AL00592,ENT0160,FO5,2025-05-03,0.4116,closed
TK00593,AL00593,ENT0161,FO5,2023-12-01,0.5553,closed
TK00594,AL00594,ENT0161,FO5,2024-02-01,0.5075,open
TK00595,AL00595,ENT0161,FO5,2024-05-02,0.4758,closed
TK00596,AL00596,ENT0161,FO5,2024-08-04,0.5893,open
TK00597,AL00597,ENT0161,FO5,2024-10-01,0.4537,closed
TK00598,AL00598,ENT0161,FO5,2024-12-02,0.4715,open
TK00599,AL00599,ENT0161,FO5,2025-02-04,0.3979,closed
TK00600,AL00600,ENT0161,FO5,2025-05-01,0.5118,closed
TK00601,AL00601,ENT0161,FO5,2025-07-02,0.4953,closed
TK00602,AL00602,ENT0161,FO5,2025-09-03,0.4759,open
TK00603,AL00603,ENT0161,FO5,2025-12-02,0.4107,closed
TK00604,AL00604,ENT0161,FO5,2026-05-01,0.4115,closed
TK00605,AL00605,ENT0162,FO4,2024-05-02,0.4469,open
TK00606,AL00606,ENT0162,FO4,2024-07-01,0.556,open
TK00607,AL00607,ENT0162,FO4,2025-05-01,0.3814,closed
TK00608,AL00608,ENT0162,FO4,2026-04-03,0.3992,open
TK00609,AL00609,ENT0162,FO4,2026-06-03,0.5817,open
TK00610,AL00610,ENT0163,FO2,2023-12-03,0.5354,open
TK00611,AL00611,ENT0163,FO2,2026-03-03,0.3995,closed
TK00612,AL00612,ENT0163,FO2,2026-05-01,0.3883,closed
TK00613,AL00613,ENT0164,FO2,2026-05-04,0.3822,closed
TK00614,AL00614,ENT0166,FO2,2023-12-04,0.5784,closed
TK00615,AL00615,ENT0166,FO2,2024-02-02,0.566,closed
TK00616,AL00616,ENT0166,FO2,2024-05-04,0.4039,closed
TK00617,AL00617,ENT0166,FO2,2024-07-04,0.5065,open
TK00618,AL00618,ENT0166,FO2,2024-09-01,0.4915,closed
TK00619,AL00619,ENT0166,FO2,2024-11-04,0.4929,closed
TK00620,AL00620,ENT0168,FO4,2024-03-02,0.3866,closed
TK00621,AL00621,ENT0168,FO4,2024-06-04,0.4045,closed
TK00622,AL00622,ENT0168,FO4,2026-05-03,0.4218,closed
TK00623,AL00623,ENT0169,FO4,2023-12-02,0.4542,closed
TK00624,AL00624,ENT0170,FO3,2024-09-02,0.3825,closed
TK00625,AL00625,ENT0171,FO5,2025-07-03,0.3821,closed
TK00626,AL00626,ENT0172,FO6,2023-12-04,0.5033,closed
TK00627,AL00627,ENT0172,FO6,2025-03-03,0.3996,closed
TK00628,AL00628,ENT0172,FO6,2026-02-01,0.4297,open
TK00629,AL00629,ENT0173,FO6,2023-12-01,0.3835,closed
TK00630,AL00630,ENT0173,FO6,2025-03-03,0.4578,closed
TK00631,AL00631,ENT0173,FO6,2026-01-04,0.4277,closed
TK00632,AL00632,ENT0173,FO6,2026-05-01,0.3957,closed
TK00633,AL00633,ENT0174,FO2,2023-12-02,0.4264,open
TK00634,AL00634,ENT0174,FO2,2024-05-01,0.5729,closed
TK00635,AL00635,ENT0174,FO2,2024-07-02,0.5952,open
TK00636,AL00636,ENT0174,FO2,2024-09-03,0.5431,closed
TK00637,AL00637,ENT0174,FO2,2025-04-01,0.5087,closed
TK00638,AL00638,ENT0174,FO2,2025-06-01,0.5601,closed
TK00639,AL00639,ENT0174,FO2,2025-08-03,0.56,closed
TK00640,AL00640,ENT0174,FO2,2025-10-03,0.6616,closed
TK00641,AL00641,ENT0174,FO2,2025-12-01,0.3858,closed
TK00642,AL00642,ENT0174,FO2,2026-03-04,0.5495,closed
TK00643,AL00643,ENT0174,FO2,2026-05-03,0.5666,closed
TK00644,AL00644,ENT0174,FO2,2026-07-04,0.5682,closed
TK00645,AL00645,ENT0175,FO2,2023-12-03,0.4442,open
TK00646,AL00646,ENT0176,FO2,2024-07-01,0.3834,open
TK00647,AL00647,ENT0176,FO2,2024-09-02,0.4464,closed
TK00648,AL00648,ENT0177,FO1,2024-06-01,0.4109,closed
TK00649,AL00649,ENT0177,FO1,2024-08-04,0.5905,open
TK00650,AL00650,ENT0177,FO1,2024-10-03,0.5448,closed
TK00651,AL00651,ENT0177,FO1,2025-05-03,0.4491,open
TK00652,AL00652,ENT0177,FO1,2026-07-02,0.5984,open
TK00653,AL00653,ENT0178,FO3,2024-08-03,0.5351,open
TK00654,AL00654,ENT0178,FO3,2024-10-03,0.4119,open
TK00655,AL00655,ENT0178,FO3,2024-12-04,0.6231,open
TK00656,AL00656,ENT0178,FO3,2025-02-03,0.4323,open
TK00657,AL00657,ENT0178,FO3,2025-05-01,0.9549,closed
TK00658,AL00658,ENT0178,FO3,2025-07-01,0.5764,closed
TK00659,AL00659,ENT0178,FO3,2025-09-03,0.4929,closed
TK00660,AL00660,ENT0178,FO3,2025-11-01,0.4375,open
TK00661,AL00661,ENT0178,FO3,2026-03-02,0.7288,closed
TK00662,AL00662,ENT0178,FO3,2026-05-03,0.7475,closed
TK00663,AL00663,ENT0178,FO3,2026-07-03,0.5432,closed
TK00664,AL00664,ENT0179,FO1,2023-12-03,0.5555,closed
TK00665,AL00665,ENT0179,FO1,2024-02-04,0.3857,open
TK00666,AL00666,ENT0179,FO1,2024-04-03,0.4058,closed
TK00667,AL00667,ENT0179,FO1,2026-05-04,0.4115,closed
TK00668,AL00668,ENT0180,FO1,2025-07-01,0.4345,closed
TK00669,AL00669,ENT0180,FO1,2025-09-04,0.3823,closed
TK00670,AL00670,ENT0181,FO6,2023-12-03,0.5062,open
TK00671,AL00671,ENT0182,FO2,2024-03-04,0.4385,closed
TK00672,AL00672,ENT0182,FO2,2024-05-04,0.5523,closed
TK00673,AL00673,ENT0182,FO2,2024-07-03,0.5338,closed
TK00674,AL00674,ENT0182,FO2,2024-09-02,0.5235,closed
TK00675,AL00675,ENT0182,FO2,2025-03-04,0.4572,closed
TK00676,AL00676,ENT0182,FO2,2025-05-03,0.8746,closed
TK00677,AL00677,ENT0182,FO2,2025-07-03,0.4728,closed
TK00678,AL00678,ENT0182,FO2,2025-09-02,0.3945,closed
TK00679,AL00679,ENT0182,FO2,2026-04-03,0.551,open
TK00680,AL00680,ENT0182,FO2,2026-06-03,0.5794,open
TK00681,AL00681,ENT0183,FO1,2025-07-04,0.4343,closed
TK00682,AL00682,ENT0184,FO1,2024-01-03,0.6415,closed
TK00683,AL00683,ENT0184,FO1,2024-03-04,0.8296,closed
TK00684,AL00684,ENT0184,FO1,2024-05-04,0.695,open
TK00685,AL00685,ENT0184,FO1,2024-07-03,0.5521,closed
TK00686,AL00686,ENT0184,FO1,2024-09-01,0.4833,closed
TK00687,AL00687,ENT0184,FO1,2025-01-04,0.4104,closed
TK00688,AL00688,ENT0184,FO1,2025-04-03,0.5278,closed
TK00689,AL00689,ENT0184,FO1,2025-06-04,0.5796,closed
TK00690,AL00690,ENT0184,FO1,2025-08-04,0.3858,closed
TK00691,AL00691,ENT0184,FO1,2026-03-02,0.3862,closed
TK00692,AL00692,ENT0184,FO1,2026-05-04,0.5811,open
TK00693,AL00693,ENT0184,FO1,2026-07-01,0.4647,closed
TK00694,AL00694,ENT0185,FO2,2025-10-02,0.4344,open
TK00695,AL00695,ENT0185,FO2,2026-05-02,0.4285,open
TK00696,AL00696,ENT0186,FO1,2024-03-01,0.4928,open
TK00697,AL00697,ENT0186,FO1,2024-05-03,0.6091,closed
TK00698,AL00698,ENT0186,FO1,2024-07-04,0.4005,closed
TK00699,AL00699,ENT0186,FO1,2025-05-03,0.4868,closed
TK00700,AL00700,ENT0186,FO1,2025-07-04,0.5389,open
TK00701,AL00701,ENT0186,FO1,2026-05-02,0.8658,closed
TK00702,AL00702,ENT0186,FO1,2026-07-01,0.5308,closed
TK00703,AL00703,ENT0187,FO1,2025-08-04,0.4343,open
TK00704,AL00704,ENT0188,FO5,2023-12-03,0.6764,closed
TK00705,AL00705,ENT0188,FO5,2024-02-01,0.6059,open
TK00706,AL00706,ENT0188,FO5,2024-04-02,0.7364,closed
TK00707,AL00707,ENT0188,FO5,2024-06-02,0.5195,closed
TK00708,AL00708,ENT0188,FO5,2024-08-01,0.7762,closed
TK00709,AL00709,ENT0188,FO5,2024-10-01,0.6393,open
TK00710,AL00710,ENT0188,FO5,2024-12-02,0.5046,open
TK00711,AL00711,ENT0188,FO5,2025-02-04,0.4497,closed
TK00712,AL00712,ENT0188,FO5,2025-05-01,0.685,closed
TK00713,AL00713,ENT0188,FO5,2025-07-02,0.4359,closed
TK00714,AL00714,ENT0188,FO5,2025-09-01,0.4922,closed
TK00715,AL00715,ENT0188,FO5,2025-11-03,0.4374,closed
TK00716,AL00716,ENT0188,FO5,2026-01-01,0.4247,closed
TK00717,AL00717,ENT0188,FO5,2026-04-03,0.5937,closed
TK00718,AL00718,ENT0188,FO5,2026-06-03,0.4326,closed
TK00719,AL00719,ENT0189,FO4,2024-01-04,0.3957,open
TK00720,AL00720,ENT0189,FO4,2024-03-02,0.5497,closed
TK00721,AL00721,ENT0189,FO4,2024-05-04,0.7693,closed
TK00722,AL00722,ENT0189,FO4,2024-07-02,0.578,closed
TK00723,AL00723,ENT0189,FO4,2024-09-04,0.3938,open
TK00724,AL00724,ENT0189,FO4,2024-11-02,0.3878,closed
TK00725,AL00725,ENT0189,FO4,2025-02-01,0.4914,closed
TK00726,AL00726,ENT0189,FO4,2025-05-03,0.7843,closed
TK00727,AL00727,ENT0189,FO4,2025-07-03,0.5264,closed
TK00728,AL00728,ENT0189,FO4,2025-10-02,0.4076,open
TK00729,AL00729,ENT0189,FO4,2026-03-04,0.4551,closed
TK00730,AL00730,ENT0189,FO4,2026-05-01,0.7218,closed
TK00731,AL00731,ENT0189,FO4,2026-07-04,0.5515,open
TK00732,AL00732,ENT0190,FO4,2024-06-01,0.4702,closed
TK00733,AL00733,ENT0190,FO4,2024-08-03,0.4699,closed
TK00734,AL00734,ENT0190,FO4,2026-06-03,0.4365,open
TK00735,AL00735,ENT0192,FO4,2023-12-02,0.5701,closed
TK00736,AL00736,ENT0192,FO4,2024-02-03,0.511,closed
TK00737,AL00737,ENT0192,FO4,2024-04-04,0.5369,open
TK00738,AL00738,ENT0192,FO4,2024-06-02,0.7035,closed
TK00739,AL00739,ENT0192,FO4,2024-08-02,0.4823,open
TK00740,AL00740,ENT0192,FO4,2025-03-03,0.3821,closed
TK00741,AL00741,ENT0192,FO4,2025-05-03,0.6878,closed
TK00742,AL00742,ENT0192,FO4,2026-04-01,0.4677,closed
TK00743,AL00743,ENT0192,FO4,2026-06-01,0.5447,closed
TK00744,AL00744,ENT0193,FO4,2023-12-01,0.3809,closed
TK00745,AL00745,ENT0194,FO2,2023-12-02,0.4882,closed
TK00746,AL00746,ENT0194,FO2,2024-02-03,0.564,closed
TK00747,AL00747,ENT0195,FO3,2025-05-01,0.4495,open
TK00748,AL00748,ENT0196,FO5,2023-12-02,0.517,closed
TK00749,AL00749,ENT0196,FO5,2024-03-04,0.5924,open
TK00750,AL00750,ENT0196,FO5,2025-03-04,0.3997,closed
TK00751,AL00751,ENT0196,FO5,2026-05-02,0.4984,closed
TK00752,AL00752,ENT0197,FO1,2024-09-02,0.388,closed
TK00753,AL00753,ENT0197,FO1,2025-07-04,0.3821,open
TK00754,AL00754,ENT0198,FO1,2024-03-03,0.6181,closed
TK00755,AL00755,ENT0198,FO1,2024-05-04,0.8476,closed
TK00756,AL00756,ENT0198,FO1,2024-07-03,0.4697,closed
TK00757,AL00757,ENT0198,FO1,2024-09-02,0.477,closed
TK00758,AL00758,ENT0198,FO1,2024-11-04,0.4278,open
TK00759,AL00759,ENT0198,FO1,2025-01-04,0.4402,open
TK00760,AL00760,ENT0198,FO1,2025-04-01,0.6324,closed
TK00761,AL00761,ENT0198,FO1,2025-06-02,0.5106,open
TK00762,AL00762,ENT0198,FO1,2025-08-04,0.4499,closed
TK00763,AL00763,ENT0198,FO1,2025-10-02,0.3849,closed
TK00764,AL00764,ENT0198,FO1,2026-01-01,0.5288,open
TK00765,AL00765,ENT0198,FO1,2026-04-02,0.6907,closed
TK00766,AL00766,ENT0198,FO1,2026-06-01,0.5907,open
TK00767,AL00767,ENT0198,FO1,2026-08-03,0.4103,closed
TK00768,AL00768,ENT0199,FO1,2024-03-03,0.5152,closed
TK00769,AL00769,ENT0199,FO1,2024-05-03,0.7545,open
TK00770,AL00770,ENT0199,FO1,2024-07-04,0.5387,open
TK00771,AL00771,ENT0199,FO1,2024-09-03,0.4376,closed
TK00772,AL00772,ENT0199,FO1,2025-03-01,0.4008,closed
TK00773,AL00773,ENT0199,FO1,2025-05-03,0.8061,closed
TK00774,AL00774,ENT0199,FO1,2025-07-01,0.5389,open
TK00775,AL00775,ENT0199,FO1,2025-09-02,0.4018,closed
TK00776,AL00776,ENT0199,FO1,2026-04-03,0.5157,open
TK00777,AL00777,ENT0199,FO1,2026-06-04,0.4782,closed
TK00778,AL00778,ENT0200,FO6,2023-12-03,0.7833,open
TK00779,AL00779,ENT0200,FO6,2024-02-01,0.5016,closed
TK00780,AL00780,ENT0200,FO6,2024-07-03,0.4059,closed
TK00781,AL00781,ENT0200,FO6,2026-05-04,0.4407,open
TK00782,AL00782,ENT0201,FO6,2025-08-02,0.3821,closed
TK00783,AL00783,ENT0202,FO3,2024-06-04,0.5252,closed
TK00784,AL00784,ENT0202,FO3,2024-08-04,0.3957,closed
TK00785,AL00785,ENT0202,FO3,2025-05-02,0.4534,open
TK00786,AL00786,ENT0202,FO3,2025-07-04,0.6877,closed
TK00787,AL00787,ENT0202,FO3,2025-09-03,0.4671,closed
TK00788,AL00788,ENT0202,FO3,2026-06-03,0.4217,closed
TK00789,AL00789,ENT0203,FO6,2023-12-04,0.4522,closed
TK00790,AL00790,ENT0203,FO6,2024-07-03,0.6858,open
TK00791,AL00791,ENT0203,FO6,2024-09-01,0.5075,open
TK00792,AL00792,ENT0203,FO6,2024-11-01,0.396,closed
TK00793,AL00793,ENT0203,FO6,2025-01-04,0.618,open
TK00794,AL00794,ENT0203,FO6,2025-04-03,0.6128,closed
TK00795,AL00795,ENT0203,FO6,2025-06-03,0.8869,closed
TK00796,AL00796,ENT0203,FO6,2025-08-04,0.6518,closed
TK00797,AL00797,ENT0203,FO6,2025-10-01,0.6251,closed
TK00798,AL00798,ENT0203,FO6,2025-12-03,0.4184,closed
TK00799,AL00799,ENT0203,FO6,2026-02-03,0.4127,closed
TK00800,AL00800,ENT0203,FO6,2026-05-01,0.6327,closed
TK00801,AL00801,ENT0203,FO6,2026-07-03,0.6391,closed
TK00802,AL00802,ENT0204,FO6,2025-07-01,0.4344,closed
TK00803,AL00803,ENT0205,FO1,2024-04-01,0.4075,closed
TK00804,AL00804,ENT0205,FO1,2024-06-04,0.7563,closed
TK00805,AL00805,ENT0205,FO1,2024-08-03,0.3996,closed
TK00806,AL00806,ENT0205,FO1,2025-07-01,0.3829,closed
TK00807,AL00807,ENT0205,FO1,2026-05-03,0.4984,closed
TK00808,AL00808,ENT0205,FO1,2026-07-03,0.5225,closed
TK00809,AL00809,ENT0206,FO1,2024-03-03,0.4809,open
TK00810,AL00810,ENT0206,FO1,2024-05-04,0.7066,closed
TK00811,AL00811,ENT0206,FO1,2024-07-02,0.4719,open
TK00812,AL00812,ENT0206,FO1,2024-09-04,0.4295,open
TK00813,AL00813,ENT0206,FO1,2025-03-03,0.4499,closed
TK00814,AL00814,ENT0206,FO1,2025-05-04,0.6953,closed
TK00815,AL00815,ENT0206,FO1,2025-07-02,0.5347,closed
TK00816,AL00816,ENT0206,FO1,2026-02-04,0.5828,open
TK00817,AL00817,ENT0206,FO1,2026-05-02,0.7932,open
TK00818,AL00818,ENT0206,FO1,2026-07-02,0.555,closed
TK00819,AL00819,ENT0207,FO6,2026-05-02,0.4053,open
TK00820,AL00820,ENT0208,FO2,2025-10-01,0.388,open
TK00821,AL00821,ENT0209,FO4,2024-07-02,0.3972,open
TK00822,AL00822,ENT0209,FO4,2025-05-02,0.3853,open
TK00823,AL00823,ENT0211,FO6,2023-12-04,0.3889,closed
TK00824,AL00824,ENT0212,FO2,2026-05-04,0.4111,closed
TK00825,AL00825,ENT0213,FO2,2024-03-02,0.5664,closed
TK00826,AL00826,ENT0213,FO2,2025-05-03,0.394,closed
TK00827,AL00827,ENT0213,FO2,2026-03-02,0.4055,closed
TK00828,AL00828,ENT0213,FO2,2026-05-01,0.4346,closed
TK00829,AL00829,ENT0214,FO2,2023-12-03,0.5637,closed
TK00830,AL00830,ENT0215,FO1,2024-09-04,0.388,closed
TK00831,AL00831,ENT0215,FO1,2026-05-02,0.4342,closed
TK00832,AL00832,ENT0216,FO3,2023-12-02,0.5405,closed
TK00833,AL00833,ENT0216,FO3,2024-05-01,0.4695,open
TK00834,AL00834,ENT0216,FO3,2025-05-02,0.4112,closed
TK00835,AL00835,ENT0217,FO4,2023-12-03,0.5664,closed
TK00836,AL00836,ENT0218,FO1,2026-05-01,0.4111,closed
TK00837,AL00837,ENT0219,FO1,2026-05-02,0.4111,closed
TK00838,AL00838,ENT0221,FO5,2023-12-02,0.5069,closed
TK00839,AL00839,ENT0221,FO5,2024-05-02,0.4271,closed
TK00840,AL00840,ENT0222,FO3,2023-12-04,0.6616,closed
TK00841,AL00841,ENT0222,FO3,2025-03-04,0.3879,closed
TK00842,AL00842,ENT0222,FO3,2026-03-02,0.5095,closed
TK00843,AL00843,ENT0222,FO3,2026-05-01,0.498,open
TK00844,AL00844,ENT0223,FO6,2024-04-03,0.7228,open
TK00845,AL00845,ENT0223,FO6,2024-06-02,0.4797,closed
TK00846,AL00846,ENT0223,FO6,2024-08-01,0.5616,closed
TK00847,AL00847,ENT0223,FO6,2024-12-04,0.3866,closed
TK00848,AL00848,ENT0223,FO6,2025-03-01,0.7318,closed
TK00849,AL00849,ENT0223,FO6,2025-05-02,0.6818,closed
TK00850,AL00850,ENT0223,FO6,2025-07-02,0.5396,open
TK00851,AL00851,ENT0223,FO6,2025-09-03,0.3915,closed
TK00852,AL00852,ENT0223,FO6,2025-11-02,0.3908,closed
TK00853,AL00853,ENT0223,FO6,2026-02-03,0.547,closed
TK00854,AL00854,ENT0223,FO6,2026-05-02,0.6518,open
TK00855,AL00855,ENT0223,FO6,2026-07-03,0.4751,closed
TK00856,AL00856,ENT0224,FO6,2025-08-04,0.4343,open
TK00857,AL00857,ENT0224,FO6,2026-07-04,0.4345,open
TK00858,AL00858,ENT0225,FO5,2025-09-02,0.3821,open
TK00859,AL00859,ENT0225,FO5,2026-07-02,0.4342,open
TK00860,AL00860,ENT0226,FO2,2023-12-03,0.5466,open
TK00861,AL00861,ENT0226,FO2,2024-02-04,0.4213,open
TK00862,AL00862,ENT0226,FO2,2024-08-02,0.4348,open
TK00863,AL00863,ENT0226,FO2,2026-03-03,0.3996,closed
TK00864,AL00864,ENT0227,FO5,2026-05-04,0.3886,closed
TK00865,AL00865,ENT0227,FO5,2026-07-04,0.3892,closed
TK00866,AL00866,ENT0229,FO2,2023-12-04,0.4184,closed
TK00867,AL00867,ENT0229,FO2,2026-05-03,0.4111,closed
TK00868,AL00868,ENT0230,FO5,2024-07-04,0.3821,open
TK00869,AL00869,ENT0231,FO3,2024-06-04,0.3891,closed
TK00870,AL00870,ENT0231,FO3,2024-08-01,0.3945,closed
TK00871,AL00871,ENT0231,FO3,2025-05-04,0.5196,closed
TK00872,AL00872,ENT0231,FO3,2026-05-03,0.3895,closed
TK00873,AL00873,ENT0231,FO3,2026-07-04,0.5869,open
TK00874,AL00874,ENT0232,FO3,2024-07-04,0.6908,closed
TK00875,AL00875,ENT0232,FO3,2024-09-04,0.515,closed
TK00876,AL00876,ENT0232,FO3,2025-05-01,0.9298,closed
TK00877,AL00877,ENT0232,FO3,2025-07-03,0.7453,closed
TK00878,AL00878,ENT0232,FO3,2025-09-01,0.5609,closed
TK00879,AL00879,ENT0232,FO3,2025-11-03,0.517,open
TK00880,AL00880,ENT0232,FO3,2026-03-03,0.6885,closed
TK00881,AL00881,ENT0232,FO3,2026-05-04,0.6078,closed
TK00882,AL00882,ENT0232,FO3,2026-07-03,0.6125,closed
TK00883,AL00883,ENT0233,FO5,2023-12-03,0.5627,closed
TK00884,AL00884,ENT0233,FO5,2024-02-04,0.4402,open
TK00885,AL00885,ENT0233,FO5,2024-04-04,0.4526,closed
TK00886,AL00886,ENT0233,FO5,2024-06-03,0.9129,open
TK00887,AL00887,ENT0233,FO5,2024-08-01,0.9237,closed
TK00888,AL00888,ENT0233,FO5,2024-10-04,0.6057,closed
TK00889,AL00889,ENT0233,FO5,2024-12-01,0.5623,closed
TK00890,AL00890,ENT0233,FO5,2025-02-04,0.5086,closed
TK00891,AL00891,ENT0233,FO5,2025-05-03,0.504,closed
TK00892,AL00892,ENT0233,FO5,2025-08-03,0.3837,closed
TK00893,AL00893,ENT0233,FO5,2025-10-02,0.386,closed
TK00894,AL00894,ENT0233,FO5,2026-05-03,0.4003,open
TK00895,AL00895,ENT0233,FO5,2026-07-02,0.3965,closed
TK00896,AL00896,ENT0234,FO4,2024-07-04,0.3881,closed
TK00897,AL00897,ENT0234,FO4,2026-07-01,0.3821,closed
TK00898,AL00898,ENT0235,FO3,2026-05-02,0.7159,closed
TK00899,AL00899,ENT0235,FO3,2026-07-04,0.3813,closed
TK00900,AL00900,ENT0236,FO4,2023-12-02,0.8302,closed
TK00901,AL00901,ENT0236,FO4,2024-02-01,0.6264,open
TK00902,AL00902,ENT0236,FO4,2024-05-04,0.4742,open
TK00903,AL00903,ENT0236,FO4,2024-12-03,0.43,closed
TK00904,AL00904,ENT0236,FO4,2025-02-02,0.6365,closed
TK00905,AL00905,ENT0236,FO4,2025-05-03,0.5107,closed
TK00906,AL00906,ENT0237,FO6,2024-06-03,0.3898,open
TK00907,AL00907,ENT0238,FO4,2026-07-02,0.4346,closed
TK00908,AL00908,ENT0239,FO4,2024-03-04,0.5533,closed
TK00909,AL00909,ENT0239,FO4,2024-05-02,0.7502,closed
TK00910,AL00910,ENT0239,FO4,2024-07-04,0.5873,closed
TK00911,AL00911,ENT0239,FO4,2024-09-03,0.4593,closed
TK00912,AL00912,ENT0239,FO4,2025-04-02,0.4405,open
TK00913,AL00913,ENT0239,FO4,2026-05-02,0.6249,closed
TK00914,AL00914,ENT0239,FO4,2026-07-01,0.4375,closed
TK00915,AL00915,ENT0240,FO5,2025-07-01,0.3822,closed
TK00916,AL00916,ENT0241,FO6,2025-05-01,0.4409,closed
TK00917,AL00917,ENT0241,FO6,2025-07-04,0.6857,closed
TK00918,AL00918,ENT0241,FO6,2025-09-01,0.4703,closed
TK00919,AL00919,ENT0241,FO6,2026-06-01,0.5385,open
TK00920,AL00920,ENT0241,FO6,2026-08-01,0.4428,closed
TK00921,AL00921,ENT0242,FO3,2025-05-01,0.4111,closed
TK00922,AL00922,ENT0242,FO3,2026-05-01,0.4111,closed
TK00923,AL00923,ENT0243,FO1,2024-06-04,0.4065,closed
TK00924,AL00924,ENT0243,FO1,2026-05-01,0.5522,open
TK00925,AL00925,ENT0243,FO1,2026-07-04,0.5222,closed
TK00926,AL00926,ENT0244,FO3,2024-06-04,0.7023,closed
TK00927,AL00927,ENT0244,FO3,2024-08-03,0.7279,open
TK00928,AL00928,ENT0244,FO3,2024-10-02,0.5115,closed
TK00929,AL00929,ENT0244,FO3,2025-05-02,0.8332,closed
TK00930,AL00930,ENT0244,FO3,2025-07-03,0.676,closed
TK00931,AL00931,ENT0244,FO3,2025-09-04,0.5295,open
TK00932,AL00932,ENT0244,FO3,2026-06-04,0.6078,closed
TK00933,AL00933,ENT0244,FO3,2026-08-02,0.6554,closed
TK00934,AL00934,ENT0245,FO6,2023-12-01,0.4355,closed
TK00935,AL00935,ENT0245,FO6,2024-03-04,0.5669,open
TK00936,AL00936,ENT0246,FO5,2023-12-01,0.4233,closed
TK00937,AL00937,ENT0246,FO5,2025-05-01,0.4632,open
TK00938,AL00938,ENT0247,FO6,2023-12-02,0.4596,closed
TK00939,AL00939,ENT0247,FO6,2024-02-04,0.3983,closed
TK00940,AL00940,ENT0247,FO6,2026-03-03,0.4053,closed
TK00941,AL00941,ENT0249,FO1,2023-12-01,0.8728,open
TK00942,AL00942,ENT0249,FO1,2024-02-02,0.7259,closed
TK00943,AL00943,ENT0249,FO1,2024-06-03,0.5771,closed
TK00944,AL00944,ENT0249,FO1,2024-08-03,0.6269,open
TK00945,AL00945,ENT0249,FO1,2025-03-04,0.3942,closed
TK00946,AL00946,ENT0250,FO3,2025-05-04,0.4113,open
TK00947,AL00947,ENT0251,FO1,2023-12-01,0.4757,open
TK00948,AL00948,ENT0251,FO1,2024-02-03,0.7051,open
TK00949,AL00949,ENT0251,FO1,2024-04-03,0.4647,closed
TK00950,AL00950,ENT0251,FO1,2025-05-04,0.5212,closed
TK00951,AL00951,ENT0251,FO1,2026-05-01,0.4111,open
TK00952,AL00952,ENT0252,FO3,2024-09-04,0.451,closed
TK00953,AL00953,ENT0252,FO3,2025-05-04,0.4606,closed
TK00954,AL00954,ENT0252,FO3,2026-05-04,0.4902,closed
TK00955,AL00955,ENT0252,FO3,2026-07-01,0.5983,open
