batch_id,enterprise_id,placed_on,realised_on,grow_days,chicks_placed,placement_cost,feed_on_dealer_credit,realisation,realisation_price
ENT0017-B01,ENT0017,2023-08-05,2023-09-16,42,58636,17766.0,42783.0,107204.0,93.93
ENT0017-B02,ENT0017,2023-09-26,2023-11-07,42,72457,16138.0,38586.0,153659.0,105.9
ENT0017-B03,ENT0017,2023-11-15,2023-12-27,42,63554,14416.0,38003.0,173902.0,107.47
ENT0017-B04,ENT0017,2024-01-05,2024-02-16,42,90187,14617.0,39249.0,172569.0,106.61
ENT0017-B05,ENT0017,2024-02-24,2024-04-06,42,74857,17399.0,43226.0,137278.0,92.92
ENT0017-B06,ENT0017,2024-04-15,2024-05-27,42,61113,19256.0,44603.0,107344.0,83.57
ENT0017-B07,ENT0017,2024-06-04,2024-07-16,42,86317,20316.0,47250.0,92292.0,83.23
ENT0017-B08,ENT0017,2024-07-26,2024-09-06,42,84070,22214.0,45589.0,117625.0,99.18
ENT0017-B09,ENT0017,2024-09-15,2024-10-27,42,65746,16437.0,40102.0,154701.0,109.62
ENT0017-B10,ENT0017,2024-11-04,2024-12-16,42,85824,15855.0,40318.0,223095.0,119.66
ENT0017-B11,ENT0017,2024-12-24,2025-02-04,42,70894,18298.0,41400.0,199904.0,113.65
ENT0017-B12,ENT0017,2025-02-13,2025-03-27,42,64542,16928.0,45413.0,159384.0,102.54
ENT0017-B13,ENT0017,2025-04-05,2025-05-17,42,78852,18472.0,48419.0,121376.0,88.05
ENT0017-B14,ENT0017,2025-05-27,2025-07-08,42,68991,17624.0,50433.0,86090.0,89.33
ENT0017-B15,ENT0017,2025-07-16,2025-08-27,42,60797,24286.0,50896.0,100898.0,98.97
ENT0017-B16,ENT0017,2025-09-05,2025-10-17,42,67203,20235.0,45921.0,160851.0,111.41
ENT0017-B17,ENT0017,2025-10-25,2025-12-06,42,67575,17515.0,42646.0,192580.0,119.32
ENT0017-B18,ENT0017,2025-12-15,2026-01-26,42,68136,17272.0,43131.0,199281.0,112.46
ENT0017-B19,ENT0017,2026-02-05,2026-03-19,42,70536,20928.0,50074.0,150455.0,104.13
ENT0017-B20,ENT0017,2026-03-28,2026-05-09,42,61582,26403.0,56562.0,92274.0,92.81
ENT0017-B21,ENT0017,2026-05-18,2026-06-29,42,65616,21304.0,60113.0,115722.0,89.3
ENT0019-B01,ENT0019,2023-08-09,2023-09-20,42,46580,12995.0,34069.0,70082.0,95.12
ENT0019-B02,ENT0019,2023-09-28,2023-11-09,42,62859,11669.0,29101.0,132870.0,105.01
ENT0019-B03,ENT0019,2023-11-17,2023-12-29,42,50939,10915.0,28153.0,161032.0,111.84
ENT0019-B04,ENT0019,2024-01-05,2024-02-16,42,64222,10886.0,29699.0,140518.0,102.96
ENT0019-B05,ENT0019,2024-02-23,2024-04-05,42,53498,12091.0,32324.0,93148.0,86.93
ENT0019-B06,ENT0019,2024-04-15,2024-05-27,42,47951,15254.0,35743.0,74586.0,84.63
ENT0019-B07,ENT0019,2024-06-04,2024-07-16,42,63531,15587.0,36923.0,87046.0,84.66
ENT0019-B08,ENT0019,2024-07-25,2024-09-05,42,60145,16877.0,37844.0,89895.0,98.58
ENT0019-B09,ENT0019,2024-09-14,2024-10-26,42,59257,13855.0,32758.0,131852.0,110.61
ENT0019-B10,ENT0019,2024-11-04,2024-12-16,42,53088,13345.0,30773.0,84122.0,108.07
ENT0019-B11,ENT0019,2024-12-23,2025-02-03,42,49382,13320.0,30994.0,82167.0,96.24
ENT0019-B12,ENT0019,2025-02-13,2025-03-27,42,60665,14609.0,35557.0,101223.0,90.23
ENT0019-B13,ENT0019,2025-04-05,2025-05-17,42,51019,17359.0,40865.0,70512.0,76.03
ENT0019-B14,ENT0019,2025-05-27,2025-07-08,42,54430,16529.0,42312.0,49830.0,75.51
ENT0019-B15,ENT0019,2025-07-17,2025-08-28,42,57707,17354.0,39637.0,78803.0,79.05
ENT0019-B16,ENT0019,2025-09-07,2025-10-19,42,50621,17113.0,37444.0,81767.0,96.5
ENT0019-B17,ENT0019,2025-10-27,2025-12-08,42,55983,15263.0,32861.0,150661.0,106.1
ENT0019-B18,ENT0019,2025-12-18,2026-01-29,42,54784,12964.0,33456.0,136120.0,107.61
ENT0019-B19,ENT0019,2026-02-06,2026-03-20,42,53904,13902.0,39310.0,92962.0,96.29
ENT0019-B20,ENT0019,2026-03-27,2026-05-08,42,49632,20706.0,45596.0,74431.0,83.13
ENT0019-B21,ENT0019,2026-05-16,2026-06-27,42,51481,20894.0,50939.0,76578.0,79.74
ENT0024-B01,ENT0024,2023-08-07,2023-09-18,42,46056,14461.0,29491.0,62619.0,95.71
ENT0024-B02,ENT0024,2023-09-27,2023-11-08,42,49578,13824.0,26543.0,108785.0,104.54
ENT0024-B03,ENT0024,2023-11-17,2023-12-29,42,57876,10652.0,25024.0,157079.0,111.84
ENT0024-B04,ENT0024,2024-01-05,2024-02-16,42,58784,12316.0,26102.0,128405.0,102.96
ENT0024-B05,ENT0024,2024-02-25,2024-04-07,42,42386,11683.0,29091.0,70965.0,87.83
ENT0024-B06,ENT0024,2024-04-17,2024-05-29,42,42653,13615.0,32428.0,65743.0,85.64
ENT0024-B07,ENT0024,2024-06-08,2024-07-20,42,52997,12558.0,34212.0,86316.0,83.56
ENT0024-B08,ENT0024,2024-07-27,2024-09-07,42,43627,12609.0,33658.0,70311.0,98.54
ENT0024-B09,ENT0024,2024-09-14,2024-10-26,42,54252,15108.0,29477.0,137874.0,110.61
ENT0024-B10,ENT0024,2024-11-04,2024-12-16,42,59603,12242.0,28292.0,76036.0,108.07
ENT0024-B11,ENT0024,2024-12-23,2025-02-03,42,49442,11032.0,28313.0,111516.0,96.24
ENT0024-B12,ENT0024,2025-02-12,2025-03-26,42,45788,13958.0,30461.0,84971.0,90.49
ENT0024-B13,ENT0024,2025-04-03,2025-05-15,42,44808,14651.0,35451.0,54802.0,76.06
ENT0024-B14,ENT0024,2025-05-24,2025-07-05,42,47197,15891.0,38391.0,56533.0,77.4
ENT0024-B15,ENT0024,2025-07-15,2025-08-26,42,60849,13770.0,36903.0,70232.0,79.34
ENT0024-B16,ENT0024,2025-09-05,2025-10-17,42,41482,13142.0,34317.0,81162.0,96.26
ENT0024-B17,ENT0024,2025-10-24,2025-12-05,42,49741,14088.0,30505.0,147098.0,107.41
ENT0024-B18,ENT0024,2025-12-13,2026-01-24,42,58196,10952.0,30002.0,134517.0,107.7
ENT0024-B19,ENT0024,2026-02-03,2026-03-17,42,49454,12747.0,34659.0,98605.0,95.18
ENT0024-B20,ENT0024,2026-03-25,2026-05-06,42,57368,15435.0,40231.0,87772.0,82.79
ENT0024-B21,ENT0024,2026-05-14,2026-06-25,42,59068,15624.0,44578.0,67823.0,79.07
ENT0033-B01,ENT0033,2023-08-04,2023-09-15,42,107498,29339.0,69748.0,116754.0,96.06
ENT0033-B02,ENT0033,2023-09-25,2023-11-06,42,86155,25183.0,67831.0,190317.0,109.44
ENT0033-B03,ENT0033,2023-11-14,2023-12-26,42,85456,27449.0,64399.0,243513.0,113.72
ENT0033-B04,ENT0033,2024-01-03,2024-02-14,42,89659,30897.0,63653.0,234384.0,108.3
ENT0033-B05,ENT0033,2024-02-24,2024-04-06,42,84947,26923.0,76891.0,177837.0,89.35
ENT0033-B06,ENT0033,2024-04-14,2024-05-26,42,100662,32117.0,79275.0,160477.0,81.72
ENT0033-B07,ENT0033,2024-06-03,2024-07-15,42,103921,30470.0,83060.0,161331.0,84.34
ENT0033-B08,ENT0033,2024-07-25,2024-09-05,42,100759,39038.0,75712.0,193855.0,101.86
ENT0033-B09,ENT0033,2024-09-15,2024-10-27,42,123178,36639.0,72868.0,237578.0,107.89
ENT0033-B10,ENT0033,2024-11-03,2024-12-15,42,109421,32443.0,66073.0,175596.0,106.64
ENT0033-B11,ENT0033,2024-12-23,2025-02-03,42,120196,25273.0,67527.0,230794.0,92.5
ENT0033-B12,ENT0033,2025-02-12,2025-03-26,42,104683,32460.0,76296.0,189830.0,88.91
ENT0033-B13,ENT0033,2025-04-05,2025-05-17,42,98902,35909.0,81410.0,143335.0,77.67
ENT0033-B14,ENT0033,2025-05-24,2025-07-05,42,102596,39864.0,88015.0,127690.0,79.82
ENT0033-B15,ENT0033,2025-07-13,2025-08-24,42,121036,31182.0,83736.0,145883.0,84.92
ENT0033-B16,ENT0033,2025-08-31,2025-10-12,42,84864,35792.0,77666.0,173085.0,99.76
ENT0033-B17,ENT0033,2025-10-20,2025-12-01,42,102543,29709.0,72517.0,289907.0,107.99
ENT0033-B18,ENT0033,2025-12-10,2026-01-21,42,87630,25843.0,69682.0,248951.0,110.98
ENT0033-B19,ENT0033,2026-01-28,2026-03-11,42,106142,27195.0,78689.0,215055.0,97.43
ENT0033-B20,ENT0033,2026-03-19,2026-04-30,42,107891,41520.0,95231.0,160761.0,85.98
ENT0033-B21,ENT0033,2026-05-09,2026-06-20,42,109814,47984.0,99265.0,163488.0,82.84
ENT0041-B01,ENT0041,2023-08-11,2023-09-22,42,45248,12186.0,27097.0,63430.0,97.32
ENT0041-B02,ENT0041,2023-09-30,2023-11-11,42,49079,11244.0,24183.0,125303.0,110.96
ENT0041-B03,ENT0041,2023-11-20,2024-01-01,42,39117,10225.0,23070.0,111845.0,110.07
ENT0041-B04,ENT0041,2024-01-08,2024-02-19,42,42983,9293.0,25158.0,105352.0,106.0
ENT0041-B05,ENT0041,2024-02-27,2024-04-09,42,42710,10813.0,26758.0,82952.0,89.82
ENT0041-B06,ENT0041,2024-04-19,2024-05-31,42,55821,10739.0,30500.0,87215.0,88.66
ENT0041-B07,ENT0041,2024-06-07,2024-07-19,42,44613,15909.0,33796.0,64867.0,90.9
ENT0041-B08,ENT0041,2024-07-26,2024-09-06,42,44595,13281.0,31428.0,85380.0,97.83
ENT0041-B09,ENT0041,2024-09-13,2024-10-25,42,49269,13803.0,29513.0,93824.0,105.91
ENT0041-B10,ENT0041,2024-11-04,2024-12-16,42,50576,13044.0,26086.0,122477.0,115.73
ENT0041-B11,ENT0041,2024-12-24,2025-02-04,42,45692,11289.0,27554.0,93282.0,110.13
ENT0041-B12,ENT0041,2025-02-14,2025-03-28,42,44699,12452.0,32247.0,86521.0,100.31
ENT0041-B13,ENT0041,2025-04-05,2025-05-17,42,49132,13743.0,35466.0,75308.0,84.2
ENT0041-B14,ENT0041,2025-05-25,2025-07-06,42,46760,15881.0,36488.0,61666.0,87.1
ENT0041-B15,ENT0041,2025-07-15,2025-08-26,42,43530,15518.0,33265.0,68175.0,92.67
ENT0041-B16,ENT0041,2025-09-03,2025-10-15,42,47988,11905.0,31052.0,113627.0,114.02
ENT0041-B17,ENT0041,2025-10-24,2025-12-05,42,41791,11121.0,28472.0,111158.0,123.32
ENT0041-B18,ENT0041,2025-12-14,2026-01-25,42,55157,10253.0,29131.0,148977.0,120.5
ENT0041-B19,ENT0041,2026-02-04,2026-03-18,42,50841,14300.0,31720.0,130302.0,106.6
ENT0041-B20,ENT0041,2026-03-25,2026-05-06,42,42606,15217.0,37119.0,73816.0,93.32
ENT0041-B21,ENT0041,2026-05-13,2026-06-24,42,45440,17696.0,41426.0,74849.0,88.76
ENT0045-B01,ENT0045,2023-08-08,2023-09-19,42,54330,14758.0,36526.0,105857.0,95.36
ENT0045-B02,ENT0045,2023-09-28,2023-11-09,42,75345,14631.0,32241.0,149787.0,105.01
ENT0045-B03,ENT0045,2023-11-16,2023-12-28,42,58762,13758.0,29632.0,156317.0,112.04
ENT0045-B04,ENT0045,2024-01-04,2024-02-15,42,52510,14769.0,31680.0,116205.0,102.22
ENT0045-B05,ENT0045,2024-02-25,2024-04-07,42,57037,12330.0,35419.0,98588.0,87.83
ENT0045-B06,ENT0045,2024-04-16,2024-05-28,42,60970,15270.0,39148.0,93785.0,84.69
ENT0045-B07,ENT0045,2024-06-05,2024-07-17,42,59392,16678.0,39999.0,77965.0,84.56
ENT0045-B08,ENT0045,2024-07-26,2024-09-06,42,55096,18220.0,40026.0,85190.0,98.12
ENT0045-B09,ENT0045,2024-09-14,2024-10-26,42,60296,14991.0,36622.0,108132.0,110.61
ENT0045-B10,ENT0045,2024-11-02,2024-12-14,42,49882,12925.0,34343.0,63279.0,108.39
ENT0045-B11,ENT0045,2024-12-24,2025-02-04,42,66766,14304.0,35816.0,140331.0,97.42
ENT0045-B12,ENT0045,2025-02-14,2025-03-28,42,62580,14181.0,37061.0,119494.0,89.93
ENT0045-B13,ENT0045,2025-04-05,2025-05-17,42,65051,15724.0,43122.0,89358.0,76.03
ENT0045-B14,ENT0045,2025-05-26,2025-07-07,42,68111,16384.0,46124.0,64312.0,76.18
ENT0045-B15,ENT0045,2025-07-16,2025-08-27,42,62184,20350.0,44835.0,74146.0,79.08
ENT0045-B16,ENT0045,2025-09-05,2025-10-17,42,50062,15793.0,40482.0,106672.0,96.26
ENT0045-B17,ENT0045,2025-10-27,2025-12-08,42,69649,18118.0,37206.0,129425.0,106.1
ENT0045-B18,ENT0045,2025-12-16,2026-01-27,42,58567,12649.0,35625.0,181992.0,108.12
ENT0045-B19,ENT0045,2026-02-05,2026-03-19,42,71416,16289.0,41791.0,112080.0,96.13
ENT0045-B20,ENT0045,2026-03-26,2026-05-07,42,64835,18058.0,47737.0,83081.0,82.92
ENT0045-B21,ENT0045,2026-05-17,2026-06-28,42,50318,20763.0,54151.0,85183.0,79.82
ENT0064-B01,ENT0064,2023-08-07,2023-09-18,42,105957,24391.0,58383.0,143501.0,93.83
ENT0064-B02,ENT0064,2023-09-26,2023-11-07,42,116815,23183.0,53089.0,296073.0,105.9
ENT0064-B03,ENT0064,2023-11-14,2023-12-26,42,87213,25257.0,52916.0,191828.0,107.22
ENT0064-B04,ENT0064,2024-01-02,2024-02-13,42,112656,24489.0,53009.0,261008.0,105.78
ENT0064-B05,ENT0064,2024-02-21,2024-04-03,42,80192,24286.0,56537.0,179111.0,93.69
ENT0064-B06,ENT0064,2024-04-13,2024-05-25,42,111497,25932.0,60880.0,178585.0,83.81
ENT0064-B07,ENT0064,2024-06-02,2024-07-14,42,85298,23905.0,65012.0,122193.0,83.99
ENT0064-B08,ENT0064,2024-07-24,2024-09-04,42,113986,27451.0,61940.0,196508.0,99.0
ENT0064-B09,ENT0064,2024-09-11,2024-10-23,42,96381,29227.0,57966.0,207631.0,110.82
ENT0064-B10,ENT0064,2024-11-01,2024-12-13,42,83755,25930.0,56809.0,249996.0,120.24
ENT0064-B11,ENT0064,2024-12-23,2025-02-03,42,126999,24188.0,53799.0,292344.0,114.38
ENT0064-B12,ENT0064,2025-02-10,2025-03-24,42,101729,26927.0,60816.0,174214.0,102.53
ENT0064-B13,ENT0064,2025-04-01,2025-05-13,42,103527,25859.0,67576.0,170658.0,87.29
ENT0064-B14,ENT0064,2025-05-20,2025-07-01,42,98436,26661.0,71197.0,144824.0,90.54
ENT0064-B15,ENT0064,2025-07-09,2025-08-20,42,100866,25172.0,70406.0,90319.0,97.37
ENT0064-B16,ENT0064,2025-08-30,2025-10-11,42,90278,32395.0,65773.0,202922.0,113.62
ENT0064-B17,ENT0064,2025-10-18,2025-11-29,42,116449,29406.0,59215.0,311040.0,118.52
ENT0064-B18,ENT0064,2025-12-08,2026-01-19,42,77752,27409.0,58255.0,199918.0,115.17
ENT0064-B19,ENT0064,2026-01-28,2026-03-11,42,105517,23945.0,66820.0,233557.0,105.01
ENT0064-B20,ENT0064,2026-03-18,2026-04-29,42,90610,32164.0,78770.0,174981.0,99.68
ENT0064-B21,ENT0064,2026-05-09,2026-06-20,42,101526,30985.0,82181.0,182585.0,90.79
ENT0075-B01,ENT0075,2023-08-09,2023-09-20,42,154302,52486.0,118921.0,228400.0,95.14
ENT0075-B02,ENT0075,2023-09-29,2023-11-10,42,147733,54924.0,113968.0,370729.0,108.87
ENT0075-B03,ENT0075,2023-11-20,2024-01-01,42,158566,39419.0,105328.0,448498.0,113.58
ENT0075-B04,ENT0075,2024-01-09,2024-02-20,42,155670,46395.0,105676.0,391193.0,107.58
ENT0075-B05,ENT0075,2024-03-01,2024-04-12,42,156131,46329.0,124183.0,262705.0,89.68
ENT0075-B06,ENT0075,2024-04-22,2024-06-03,42,150159,53079.0,132454.0,201522.0,79.43
ENT0075-B07,ENT0075,2024-06-13,2024-07-25,42,176379,48626.0,135982.0,216387.0,83.76
ENT0075-B08,ENT0075,2024-08-02,2024-09-13,42,180152,54314.0,125863.0,262784.0,102.56
ENT0075-B09,ENT0075,2024-09-20,2024-11-01,42,171773,46555.0,115310.0,430477.0,114.94
ENT0075-B10,ENT0075,2024-11-09,2024-12-21,42,177539,48585.0,107705.0,233235.0,100.31
ENT0075-B11,ENT0075,2024-12-30,2025-02-10,42,154473,43793.0,116736.0,301025.0,91.83
ENT0075-B12,ENT0075,2025-02-20,2025-04-03,42,139705,49869.0,127739.0,224360.0,81.07
ENT0075-B13,ENT0075,2025-04-11,2025-05-23,42,150841,62161.0,135037.0,283176.0,78.94
ENT0075-B14,ENT0075,2025-06-02,2025-07-14,42,150138,64872.0,141972.0,204256.0,80.46
ENT0075-B15,ENT0075,2025-07-21,2025-09-01,42,156150,55919.0,133497.0,229809.0,91.14
ENT0075-B16,ENT0075,2025-09-11,2025-10-23,42,145725,49577.0,121583.0,204830.0,98.74
ENT0075-B17,ENT0075,2025-10-30,2025-12-11,42,186303,55694.0,119025.0,438602.0,110.72
ENT0075-B18,ENT0075,2025-12-19,2026-01-30,42,186049,43049.0,114593.0,484805.0,108.8
ENT0075-B19,ENT0075,2026-02-06,2026-03-20,42,152992,48533.0,141123.0,320000.0,94.58
ENT0075-B20,ENT0075,2026-03-28,2026-05-09,42,196877,59119.0,157812.0,288169.0,84.13
ENT0075-B21,ENT0075,2026-05-19,2026-06-30,42,150016,60316.0,165760.0,212810.0,82.33
ENT0085-B01,ENT0085,2023-08-01,2023-09-12,42,68113,26040.0,59609.0,71500.0,95.9
ENT0085-B02,ENT0085,2023-09-22,2023-11-03,42,81838,27795.0,56065.0,165201.0,109.54
ENT0085-B03,ENT0085,2023-11-12,2023-12-24,42,91457,21697.0,53549.0,194474.0,113.7
ENT0085-B04,ENT0085,2024-01-03,2024-02-14,42,77368,25036.0,51881.0,188226.0,108.3
ENT0085-B05,ENT0085,2024-02-24,2024-04-06,42,74561,26176.0,62266.0,135011.0,89.35
ENT0085-B06,ENT0085,2024-04-16,2024-05-28,42,82986,25505.0,66131.0,127705.0,81.57
ENT0085-B07,ENT0085,2024-06-07,2024-07-19,42,76457,28016.0,67594.0,104993.0,85.04
ENT0085-B08,ENT0085,2024-07-27,2024-09-07,42,76615,25408.0,62234.0,118894.0,103.01
ENT0085-B09,ENT0085,2024-09-14,2024-10-26,42,75495,27126.0,58035.0,187636.0,107.94
ENT0085-B10,ENT0085,2024-11-03,2024-12-15,42,66877,25747.0,56801.0,85273.0,106.64
ENT0085-B11,ENT0085,2024-12-22,2025-02-02,42,65429,21583.0,55984.0,135681.0,92.69
ENT0085-B12,ENT0085,2025-02-10,2025-03-24,42,85406,23739.0,63970.0,132840.0,88.3
ENT0085-B13,ENT0085,2025-04-01,2025-05-13,42,63851,28943.0,65445.0,102341.0,76.48
ENT0085-B14,ENT0085,2025-05-22,2025-07-03,42,73220,30086.0,69539.0,93115.0,79.87
ENT0085-B15,ENT0085,2025-07-10,2025-08-21,42,83186,30526.0,70167.0,61238.0,85.51
ENT0085-B16,ENT0085,2025-08-30,2025-10-11,42,63532,30706.0,62259.0,141215.0,99.58
ENT0085-B17,ENT0085,2025-10-20,2025-12-01,42,66402,27320.0,58851.0,172989.0,107.99
ENT0085-B18,ENT0085,2025-12-08,2026-01-19,42,77393,21231.0,58955.0,198569.0,111.75
ENT0085-B19,ENT0085,2026-01-29,2026-03-12,42,75572,27406.0,66621.0,155178.0,96.57
ENT0085-B20,ENT0085,2026-03-22,2026-05-03,42,85575,29378.0,76348.0,116650.0,81.78
ENT0085-B21,ENT0085,2026-05-10,2026-06-21,42,82942,30558.0,83128.0,119383.0,82.82
ENT0104-B01,ENT0104,2023-08-03,2023-09-14,42,72446,26104.0,52858.0,81032.0,95.28
ENT0104-B02,ENT0104,2023-09-24,2023-11-05,42,84237,20015.0,47135.0,192004.0,105.24
ENT0104-B03,ENT0104,2023-11-12,2023-12-24,42,75532,20817.0,44150.0,174638.0,112.16
ENT0104-B04,ENT0104,2024-01-02,2024-02-13,42,73865,16342.0,46617.0,184151.0,102.07
ENT0104-B05,ENT0104,2024-02-22,2024-04-04,42,61961,18370.0,52368.0,105630.0,86.8
ENT0104-B06,ENT0104,2024-04-14,2024-05-26,42,74615,25412.0,55710.0,118828.0,84.89
ENT0104-B07,ENT0104,2024-06-05,2024-07-17,42,72263,25896.0,59009.0,109015.0,84.56
ENT0104-B08,ENT0104,2024-07-27,2024-09-07,42,63477,23237.0,59176.0,112537.0,98.54
ENT0104-B09,ENT0104,2024-09-16,2024-10-28,42,61746,25257.0,50726.0,162347.0,111.54
ENT0104-B10,ENT0104,2024-11-05,2024-12-17,42,75749,19327.0,50120.0,94582.0,106.32
ENT0104-B11,ENT0104,2024-12-27,2025-02-07,42,95256,19044.0,50746.0,186709.0,96.44
ENT0104-B12,ENT0104,2025-02-16,2025-03-30,42,83450,21183.0,56523.0,123319.0,90.33
ENT0104-B13,ENT0104,2025-04-07,2025-05-19,42,83438,24323.0,64477.0,111008.0,75.69
ENT0104-B14,ENT0104,2025-05-28,2025-07-09,42,90072,30610.0,66057.0,110835.0,75.77
ENT0104-B15,ENT0104,2025-07-17,2025-08-28,42,66419,31178.0,64724.0,91734.0,79.05
ENT0104-B16,ENT0104,2025-09-04,2025-10-16,42,71172,22668.0,59566.0,145105.0,96.46
ENT0104-B17,ENT0104,2025-10-23,2025-12-04,42,72675,22031.0,55545.0,188128.0,106.91
ENT0104-B18,ENT0104,2025-12-11,2026-01-22,42,73522,23162.0,55736.0,195891.0,108.54
ENT0104-B19,ENT0104,2026-01-30,2026-03-13,42,78805,25691.0,65672.0,136825.0,94.55
ENT0104-B20,ENT0104,2026-03-21,2026-05-02,42,60713,34051.0,80770.0,87171.0,82.78
ENT0104-B21,ENT0104,2026-05-09,2026-06-20,42,78933,34454.0,94678.0,105796.0,79.38
ENT0113-B01,ENT0113,2023-08-09,2023-09-20,42,29712,12626.0,27764.0,54067.0,95.86
ENT0113-B02,ENT0113,2023-09-29,2023-11-10,42,37210,12698.0,24374.0,94301.0,114.06
ENT0113-B03,ENT0113,2023-11-17,2023-12-29,42,39979,11173.0,24085.0,96182.0,116.44
ENT0113-B04,ENT0113,2024-01-08,2024-02-19,42,30799,11315.0,25095.0,71175.0,109.85
ENT0113-B05,ENT0113,2024-02-26,2024-04-08,42,35957,11013.0,27233.0,60811.0,93.54
ENT0113-B06,ENT0113,2024-04-18,2024-05-30,42,36968,13104.0,30945.0,60685.0,84.1
ENT0113-B07,ENT0113,2024-06-07,2024-07-19,42,30580,13309.0,32650.0,40597.0,85.0
ENT0113-B08,ENT0113,2024-07-28,2024-09-08,42,38675,13366.0,32335.0,67057.0,104.77
ENT0113-B09,ENT0113,2024-09-15,2024-10-27,42,28942,13828.0,28399.0,67702.0,112.37
ENT0113-B10,ENT0113,2024-11-04,2024-12-16,42,37923,9493.0,26271.0,100672.0,119.68
ENT0113-B11,ENT0113,2024-12-25,2025-02-05,42,33040,11722.0,28560.0,82170.0,109.24
ENT0113-B12,ENT0113,2025-02-13,2025-03-27,42,37395,13250.0,31819.0,71339.0,101.57
ENT0113-B13,ENT0113,2025-04-06,2025-05-18,42,44832,12362.0,34808.0,64159.0,91.72
ENT0113-B14,ENT0113,2025-05-25,2025-07-06,42,31941,13332.0,35108.0,53484.0,94.93
ENT0113-B15,ENT0113,2025-07-14,2025-08-25,42,40953,13333.0,34607.0,64751.0,97.8
ENT0113-B16,ENT0113,2025-09-01,2025-10-13,42,30508,11633.0,31218.0,73849.0,112.16
ENT0113-B17,ENT0113,2025-10-20,2025-12-01,42,37935,13137.0,30359.0,95009.0,118.8
ENT0113-B18,ENT0113,2025-12-08,2026-01-19,42,40390,11323.0,28994.0,107862.0,121.87
ENT0113-B19,ENT0113,2026-01-26,2026-03-09,42,31230,11663.0,31146.0,59473.0,107.54
ENT0113-B20,ENT0113,2026-03-19,2026-04-30,42,37286,11662.0,34494.0,81565.0,97.67
ENT0113-B21,ENT0113,2026-05-08,2026-06-19,42,31567,13617.0,38949.0,56872.0,90.89
ENT0119-B01,ENT0119,2023-08-04,2023-09-15,42,104072,36759.0,80393.0,111378.0,96.34
ENT0119-B02,ENT0119,2023-09-23,2023-11-04,42,125951,36188.0,73595.0,281267.0,115.54
ENT0119-B03,ENT0119,2023-11-14,2023-12-26,42,164060,34582.0,73138.0,405514.0,118.53
ENT0119-B04,ENT0119,2024-01-05,2024-02-16,42,123086,25601.0,70032.0,269061.0,106.83
ENT0119-B05,ENT0119,2024-02-26,2024-04-08,42,130459,26182.0,83389.0,236841.0,87.76
ENT0119-B06,ENT0119,2024-04-15,2024-05-27,42,124076,37582.0,87754.0,209917.0,86.33
ENT0119-B07,ENT0119,2024-06-06,2024-07-18,42,121734,41786.0,86983.0,157274.0,82.54
ENT0119-B08,ENT0119,2024-07-27,2024-09-07,42,132255,33768.0,89391.0,217859.0,97.49
ENT0119-B09,ENT0119,2024-09-17,2024-10-29,42,152774,31519.0,79527.0,291505.0,107.12
ENT0119-B10,ENT0119,2024-11-07,2024-12-19,42,139426,28989.0,75409.0,314329.0,116.9
ENT0119-B11,ENT0119,2024-12-27,2025-02-07,42,144374,31877.0,74475.0,348324.0,105.93
ENT0119-B12,ENT0119,2025-02-16,2025-03-30,42,126652,28856.0,84250.0,251997.0,97.76
ENT0119-B13,ENT0119,2025-04-06,2025-05-18,42,137048,43352.0,93929.0,221132.0,85.44
ENT0119-B14,ENT0119,2025-05-28,2025-07-09,42,159053,42579.0,98188.0,188950.0,86.31
ENT0119-B15,ENT0119,2025-07-17,2025-08-28,42,121246,45464.0,97767.0,211280.0,97.71
ENT0119-B16,ENT0119,2025-09-05,2025-10-17,42,119696,39512.0,89234.0,259443.0,116.74
ENT0119-B17,ENT0119,2025-10-27,2025-12-08,42,118282,41916.0,82540.0,364015.0,126.99
ENT0119-B18,ENT0119,2025-12-17,2026-01-28,42,118301,33863.0,83781.0,347989.0,121.59
ENT0119-B19,ENT0119,2026-02-04,2026-03-18,42,128820,43916.0,95272.0,280318.0,107.84
ENT0119-B20,ENT0119,2026-03-27,2026-05-08,42,118266,37137.0,107114.0,197773.0,93.13
ENT0119-B21,ENT0119,2026-05-17,2026-06-28,42,137406,39159.0,106679.0,216317.0,91.79
ENT0125-B01,ENT0125,2023-08-02,2023-09-13,42,21992,6004.0,13793.0,19185.0,95.78
ENT0125-B02,ENT0125,2023-09-23,2023-11-04,42,23307,6342.0,12774.0,47985.0,105.13
ENT0125-B03,ENT0125,2023-11-12,2023-12-24,42,19892,4290.0,11945.0,57953.0,112.16
ENT0125-B04,ENT0125,2023-12-31,2024-02-11,42,19596,5232.0,12639.0,45434.0,100.73
ENT0125-B05,ENT0125,2024-02-19,2024-04-01,42,22406,5315.0,13428.0,38311.0,86.61
ENT0125-B06,ENT0125,2024-04-09,2024-05-21,42,27088,6604.0,15337.0,32988.0,84.41
ENT0125-B07,ENT0125,2024-05-30,2024-07-11,42,23031,6387.0,16028.0,30917.0,84.11
ENT0125-B08,ENT0125,2024-07-18,2024-08-29,42,23370,6118.0,15907.0,19823.0,90.6
ENT0125-B09,ENT0125,2024-09-05,2024-10-17,42,19779,5601.0,14025.0,41969.0,111.16
ENT0125-B10,ENT0125,2024-10-24,2024-12-05,42,25985,6227.0,13553.0,63111.0,117.75
ENT0125-B11,ENT0125,2024-12-15,2025-01-26,42,20316,5281.0,13359.0,51047.0,101.48
ENT0125-B12,ENT0125,2025-02-02,2025-03-16,42,20799,6006.0,14380.0,39204.0,88.63
ENT0125-B13,ENT0125,2025-03-26,2025-05-07,42,18154,7240.0,16198.0,28760.0,76.16
ENT0125-B14,ENT0125,2025-05-16,2025-06-27,42,22027,7105.0,17859.0,30343.0,75.72
ENT0125-B15,ENT0125,2025-07-06,2025-08-17,42,27190,7158.0,17647.0,18615.0,79.67
ENT0125-B16,ENT0125,2025-08-27,2025-10-08,42,29543,6455.0,16310.0,45442.0,96.88
ENT0125-B17,ENT0125,2025-10-17,2025-11-28,42,22403,5748.0,14424.0,54602.0,103.71
ENT0125-B18,ENT0125,2025-12-07,2026-01-18,42,18399,5327.0,14029.0,50228.0,109.71
ENT0125-B19,ENT0125,2026-01-27,2026-03-10,42,22673,6129.0,15988.0,55281.0,93.78
ENT0125-B20,ENT0125,2026-03-18,2026-04-29,42,21860,8583.0,19194.0,36993.0,88.53
ENT0125-B21,ENT0125,2026-05-09,2026-06-20,42,21790,7533.0,21153.0,30542.0,79.38
ENT0130-B01,ENT0130,2023-08-10,2023-09-21,42,118614,31611.0,71236.0,153920.0,95.0
ENT0130-B02,ENT0130,2023-09-30,2023-11-11,42,100496,26682.0,63427.0,256445.0,104.05
ENT0130-B03,ENT0130,2023-11-18,2023-12-30,42,137168,28225.0,61227.0,328775.0,113.24
ENT0130-B04,ENT0130,2024-01-09,2024-02-20,42,117966,23041.0,64906.0,266332.0,104.51
ENT0130-B05,ENT0130,2024-02-29,2024-04-11,42,126400,27987.0,71657.0,193270.0,89.32
ENT0130-B06,ENT0130,2024-04-20,2024-06-01,42,122131,34906.0,76184.0,188103.0,84.86
ENT0130-B07,ENT0130,2024-06-08,2024-07-20,42,106273,30237.0,82085.0,154458.0,83.56
ENT0130-B08,ENT0130,2024-07-29,2024-09-09,42,122013,31502.0,80600.0,175464.0,98.15
ENT0130-B09,ENT0130,2024-09-16,2024-10-28,42,123616,28215.0,71915.0,276417.0,111.54
ENT0130-B10,ENT0130,2024-11-07,2024-12-19,42,122475,28640.0,65792.0,198606.0,103.93
ENT0130-B11,ENT0130,2024-12-26,2025-02-06,42,116573,27514.0,70724.0,300116.0,97.42
ENT0130-B12,ENT0130,2025-02-16,2025-03-30,42,154135,33329.0,74545.0,264266.0,90.33
ENT0130-B13,ENT0130,2025-04-06,2025-05-18,42,140468,31520.0,86068.0,211493.0,75.96
ENT0130-B14,ENT0130,2025-05-26,2025-07-07,42,105526,32407.0,91925.0,132028.0,76.18
ENT0130-B15,ENT0130,2025-07-15,2025-08-26,42,108927,43109.0,89213.0,149982.0,79.34
ENT0130-B16,ENT0130,2025-09-05,2025-10-17,42,121426,33732.0,78959.0,231450.0,96.26
ENT0130-B17,ENT0130,2025-10-24,2025-12-05,42,139276,32025.0,72891.0,394672.0,107.41
ENT0130-B18,ENT0130,2025-12-12,2026-01-23,42,109502,28778.0,72049.0,297047.0,107.41
ENT0130-B19,ENT0130,2026-01-30,2026-03-13,42,97604,33533.0,84638.0,186918.0,94.55
ENT0130-B20,ENT0130,2026-03-22,2026-05-03,42,137332,32650.0,94774.0,168890.0,82.1
ENT0130-B21,ENT0130,2026-05-13,2026-06-24,42,101937,44553.0,109373.0,174487.0,79.17
ENT0131-B01,ENT0131,2023-08-09,2023-09-20,42,111346,25014.0,67481.0,167700.0,95.12
ENT0131-B02,ENT0131,2023-09-28,2023-11-09,42,133132,26597.0,59371.0,275156.0,105.01
ENT0131-B03,ENT0131,2023-11-17,2023-12-29,42,94490,21267.0,56170.0,270497.0,111.84
ENT0131-B04,ENT0131,2024-01-05,2024-02-16,42,107498,20695.0,58929.0,235808.0,102.96
ENT0131-B05,ENT0131,2024-02-25,2024-04-07,42,116127,25975.0,65797.0,167857.0,87.83
ENT0131-B06,ENT0131,2024-04-16,2024-05-28,42,113138,29001.0,71931.0,182899.0,84.69
ENT0131-B07,ENT0131,2024-06-05,2024-07-17,42,122474,27093.0,74362.0,177887.0,84.56
ENT0131-B08,ENT0131,2024-07-26,2024-09-06,42,100844,36030.0,73297.0,183012.0,98.12
ENT0131-B09,ENT0131,2024-09-14,2024-10-26,42,107201,26199.0,65807.0,239158.0,110.61
ENT0131-B10,ENT0131,2024-11-05,2024-12-17,42,89415,24313.0,62200.0,138169.0,106.32
ENT0131-B11,ENT0131,2024-12-27,2025-02-07,42,124113,22867.0,62750.0,236975.0,96.44
ENT0131-B12,ENT0131,2025-02-14,2025-03-28,42,103586,25767.0,71764.0,190636.0,89.93
ENT0131-B13,ENT0131,2025-04-06,2025-05-18,42,114898,33205.0,78352.0,160661.0,75.96
ENT0131-B14,ENT0131,2025-05-26,2025-07-07,42,98252,31124.0,84928.0,123682.0,76.18
ENT0131-B15,ENT0131,2025-07-16,2025-08-27,42,126294,33807.0,78768.0,168849.0,79.08
ENT0131-B16,ENT0131,2025-09-06,2025-10-18,42,106148,27935.0,75429.0,216035.0,96.19
ENT0131-B17,ENT0131,2025-10-25,2025-12-06,42,101106,28426.0,67167.0,236626.0,107.11
ENT0131-B18,ENT0131,2025-12-13,2026-01-24,42,135475,28526.0,66441.0,311250.0,107.7
ENT0131-B19,ENT0131,2026-02-02,2026-03-16,42,133206,29905.0,78348.0,216645.0,94.78
ENT0131-B20,ENT0131,2026-03-23,2026-05-04,42,104719,36396.0,87856.0,178507.0,82.1
ENT0131-B21,ENT0131,2026-05-11,2026-06-22,42,125836,41421.0,98846.0,159794.0,78.57
ENT0174-B01,ENT0174,2023-08-09,2023-09-20,42,44088,17698.0,36320.0,60203.0,96.76
ENT0174-B02,ENT0174,2023-09-29,2023-11-10,42,41666,16733.0,32762.0,113124.0,110.62
ENT0174-B03,ENT0174,2023-11-18,2023-12-30,42,44291,14599.0,31688.0,106057.0,112.69
ENT0174-B04,ENT0174,2024-01-09,2024-02-20,42,51514,15317.0,33749.0,112833.0,106.29
ENT0174-B05,ENT0174,2024-02-27,2024-04-09,42,44793,15710.0,38050.0,80495.0,89.82
ENT0174-B06,ENT0174,2024-04-17,2024-05-29,42,53765,15899.0,41394.0,82476.0,88.68
ENT0174-B07,ENT0174,2024-06-05,2024-07-17,42,50738,16045.0,46432.0,63479.0,90.58
ENT0174-B08,ENT0174,2024-07-25,2024-09-05,42,52033,20668.0,43107.0,89193.0,98.16
ENT0174-B09,ENT0174,2024-09-12,2024-10-24,42,46905,19067.0,40469.0,79772.0,105.06
ENT0174-B10,ENT0174,2024-10-31,2024-12-12,42,43691,13698.0,37443.0,129855.0,114.83
ENT0174-B11,ENT0174,2024-12-21,2025-02-01,42,49884,17184.0,38241.0,139927.0,110.55
ENT0174-B12,ENT0174,2025-02-09,2025-03-23,42,38835,15972.0,43332.0,83077.0,101.92
ENT0174-B13,ENT0174,2025-03-30,2025-05-11,42,44858,17034.0,46733.0,58897.0,84.86
ENT0174-B14,ENT0174,2025-05-19,2025-06-30,42,37599,17897.0,50690.0,63042.0,84.16
ENT0174-B15,ENT0174,2025-07-08,2025-08-19,42,41954,20458.0,45340.0,40440.0,90.59
ENT0174-B16,ENT0174,2025-08-29,2025-10-10,42,47650,18033.0,43187.0,99857.0,114.41
ENT0174-B17,ENT0174,2025-10-17,2025-11-28,42,45329,17162.0,37833.0,120615.0,122.01
ENT0174-B18,ENT0174,2025-12-06,2026-01-17,42,51254,17602.0,39374.0,132785.0,120.15
ENT0174-B19,ENT0174,2026-01-26,2026-03-09,42,39235,15453.0,44635.0,95064.0,105.33
ENT0174-B20,ENT0174,2026-03-19,2026-04-30,42,45175,16859.0,49091.0,90714.0,98.96
ENT0174-B21,ENT0174,2026-05-08,2026-06-19,42,46550,23982.0,58205.0,67547.0,88.55
ENT0177-B01,ENT0177,2023-08-05,2023-09-16,42,62033,14143.0,32344.0,90492.0,96.86
ENT0177-B02,ENT0177,2023-09-26,2023-11-07,42,47907,13937.0,28807.0,127787.0,114.93
ENT0177-B03,ENT0177,2023-11-14,2023-12-26,42,60375,12578.0,26973.0,163833.0,118.5
ENT0177-B04,ENT0177,2024-01-04,2024-02-15,42,48017,10561.0,29175.0,112946.0,110.44
ENT0177-B05,ENT0177,2024-02-23,2024-04-05,42,54804,12673.0,31142.0,107543.0,92.81
ENT0177-B06,ENT0177,2024-04-13,2024-05-25,42,48035,12707.0,34958.0,64374.0,83.55
ENT0177-B07,ENT0177,2024-06-03,2024-07-15,42,45122,16028.0,37921.0,66039.0,85.16
ENT0177-B08,ENT0177,2024-07-22,2024-09-02,42,51348,15587.0,38481.0,54084.0,104.99
ENT0177-B09,ENT0177,2024-09-12,2024-10-24,42,50871,14276.0,32736.0,127028.0,112.52
ENT0177-B10,ENT0177,2024-11-02,2024-12-14,42,48019,10984.0,30613.0,151723.0,118.98
ENT0177-B11,ENT0177,2024-12-24,2025-02-04,42,47438,12824.0,32097.0,129524.0,108.99
ENT0177-B12,ENT0177,2025-02-12,2025-03-26,42,41457,13988.0,37532.0,88463.0,101.55
ENT0177-B13,ENT0177,2025-04-04,2025-05-16,42,54438,17781.0,41363.0,95177.0,91.36
ENT0177-B14,ENT0177,2025-05-25,2025-07-06,42,42886,17163.0,40855.0,70383.0,94.93
ENT0177-B15,ENT0177,2025-07-15,2025-08-26,42,41346,18824.0,39721.0,72662.0,97.47
ENT0177-B16,ENT0177,2025-09-05,2025-10-17,42,52142,15592.0,36205.0,105758.0,110.71
ENT0177-B17,ENT0177,2025-10-25,2025-12-06,42,52282,13108.0,34908.0,145876.0,119.03
ENT0177-B18,ENT0177,2025-12-14,2026-01-25,42,53001,13985.0,34052.0,171913.0,123.21
ENT0177-B19,ENT0177,2026-02-03,2026-03-17,42,55813,14519.0,35965.0,117238.0,107.07
ENT0177-B20,ENT0177,2026-03-25,2026-05-06,42,56783,16924.0,41013.0,84436.0,91.49
ENT0177-B21,ENT0177,2026-05-13,2026-06-24,42,55418,18938.0,44513.0,91419.0,90.42
ENT0178-B01,ENT0178,2023-08-09,2023-09-20,42,124228,40744.0,88958.0,191127.0,95.12
ENT0178-B02,ENT0178,2023-09-30,2023-11-11,42,100012,40805.0,80780.0,246258.0,104.05
ENT0178-B03,ENT0178,2023-11-19,2023-12-31,42,135522,32730.0,75282.0,309738.0,113.18
ENT0178-B04,ENT0178,2024-01-07,2024-02-18,42,103451,28830.0,81233.0,238045.0,104.21
ENT0178-B05,ENT0178,2024-02-27,2024-04-09,42,122164,34579.0,88455.0,170430.0,89.18
ENT0178-B06,ENT0178,2024-04-16,2024-05-28,42,115727,38633.0,98014.0,174128.0,84.69
ENT0178-B07,ENT0178,2024-06-05,2024-07-17,42,113626,46868.0,103976.0,149625.0,84.56
ENT0178-B08,ENT0178,2024-07-26,2024-09-06,42,126096,46375.0,101433.0,183612.0,98.12
ENT0178-B09,ENT0178,2024-09-13,2024-10-25,42,108118,40507.0,90402.0,187310.0,111.23
ENT0178-B10,ENT0178,2024-11-01,2024-12-13,42,110550,39970.0,86792.0,154744.0,109.2
ENT0178-B11,ENT0178,2024-12-22,2025-02-02,42,96491,37112.0,84794.0,231516.0,96.15
ENT0178-B12,ENT0178,2025-02-11,2025-03-25,42,92492,42393.0,96969.0,203066.0,90.29
ENT0178-B13,ENT0178,2025-04-02,2025-05-14,42,117514,46062.0,109083.0,136431.0,75.99
ENT0178-B14,ENT0178,2025-05-23,2025-07-04,42,99169,51723.0,115376.0,118796.0,77.13
ENT0178-B15,ENT0178,2025-07-11,2025-08-22,42,109875,54784.0,111976.0,91018.0,78.75
ENT0178-B16,ENT0178,2025-08-30,2025-10-11,42,136365,51883.0,104724.0,259300.0,96.41
ENT0178-B17,ENT0178,2025-10-21,2025-12-02,42,97117,48451.0,92562.0,273383.0,106.52
ENT0178-B18,ENT0178,2025-12-09,2026-01-20,42,113431,31816.0,91036.0,319936.0,108.9
ENT0178-B19,ENT0178,2026-01-29,2026-03-12,42,99445,40406.0,103875.0,224512.0,93.97
ENT0178-B20,ENT0178,2026-03-20,2026-05-01,42,90369,46230.0,122623.0,151993.0,83.33
ENT0178-B21,ENT0178,2026-05-09,2026-06-20,42,118174,61166.0,135591.0,181541.0,79.38
ENT0195-B01,ENT0195,2023-08-14,2023-09-25,42,90114,21964.0,54328.0,178940.0,94.28
ENT0195-B02,ENT0195,2023-10-03,2023-11-14,42,93617,17645.0,47958.0,199522.0,104.36
ENT0195-B03,ENT0195,2023-11-24,2024-01-05,42,90943,19312.0,44986.0,232702.0,109.45
ENT0195-B04,ENT0195,2024-01-15,2024-02-26,42,101427,19903.0,48716.0,242622.0,104.09
ENT0195-B05,ENT0195,2024-03-04,2024-04-15,42,100451,22745.0,55597.0,165261.0,88.22
ENT0195-B06,ENT0195,2024-04-25,2024-06-06,42,77778,23576.0,58923.0,106331.0,82.83
ENT0195-B07,ENT0195,2024-06-13,2024-07-25,42,84622,28690.0,60724.0,109555.0,83.73
ENT0195-B08,ENT0195,2024-08-01,2024-09-12,42,88755,26831.0,60244.0,138244.0,98.87
ENT0195-B09,ENT0195,2024-09-20,2024-11-01,42,78751,25437.0,54176.0,242366.0,117.87
ENT0195-B10,ENT0195,2024-11-10,2024-12-22,42,94204,19579.0,50641.0,134225.0,99.37
ENT0195-B11,ENT0195,2024-12-29,2025-02-09,42,105056,22226.0,50794.0,202114.0,96.11
ENT0195-B12,ENT0195,2025-02-16,2025-03-30,42,87447,25688.0,57618.0,156324.0,90.33
ENT0195-B13,ENT0195,2025-04-07,2025-05-19,42,90613,23548.0,63883.0,119210.0,75.69
ENT0195-B14,ENT0195,2025-05-29,2025-07-10,42,95922,30686.0,66097.0,124141.0,75.54
ENT0195-B15,ENT0195,2025-07-19,2025-08-30,42,96812,29373.0,67102.0,127126.0,79.2
ENT0195-B16,ENT0195,2025-09-09,2025-10-21,42,86545,28968.0,60026.0,202245.0,97.07
ENT0195-B17,ENT0195,2025-10-31,2025-12-12,42,70206,25705.0,54846.0,187817.0,106.25
ENT0195-B18,ENT0195,2025-12-22,2026-02-02,42,83973,25189.0,54643.0,210837.0,101.61
ENT0195-B19,ENT0195,2026-02-09,2026-03-23,42,73455,20582.0,64686.0,147441.0,96.59
ENT0195-B20,ENT0195,2026-03-31,2026-05-12,42,114827,26316.0,74021.0,124532.0,83.2
ENT0195-B21,ENT0195,2026-05-21,2026-07-02,42,89840,37407.0,81643.0,138759.0,81.5
ENT0202-B01,ENT0202,2023-08-06,2023-09-17,42,53647,16088.0,35759.0,95911.0,95.22
ENT0202-B02,ENT0202,2023-09-25,2023-11-06,42,53662,12657.0,32689.0,118859.0,104.79
ENT0202-B03,ENT0202,2023-11-14,2023-12-26,42,55990,11934.0,29679.0,159774.0,111.97
ENT0202-B04,ENT0202,2024-01-02,2024-02-13,42,59120,13377.0,31538.0,141444.0,102.07
ENT0202-B05,ENT0202,2024-02-20,2024-04-02,42,56827,14856.0,33910.0,102118.0,86.13
ENT0202-B06,ENT0202,2024-04-12,2024-05-24,42,63656,15422.0,38687.0,96168.0,85.04
ENT0202-B07,ENT0202,2024-05-31,2024-07-12,42,55687,15465.0,39416.0,81260.0,83.9
ENT0202-B08,ENT0202,2024-07-20,2024-08-31,42,52677,14955.0,40593.0,47789.0,91.17
ENT0202-B09,ENT0202,2024-09-09,2024-10-21,42,60007,13387.0,36248.0,114254.0,111.81
ENT0202-B10,ENT0202,2024-10-30,2024-12-11,42,53145,14456.0,34234.0,73424.0,111.36
ENT0202-B11,ENT0202,2024-12-20,2025-01-31,42,63530,12453.0,34543.0,147854.0,100.54
ENT0202-B12,ENT0202,2025-02-08,2025-03-22,42,61981,14711.0,37396.0,96955.0,89.63
ENT0202-B13,ENT0202,2025-03-31,2025-05-12,42,50807,14446.0,41864.0,68336.0,75.4
ENT0202-B14,ENT0202,2025-05-22,2025-07-03,42,62179,17989.0,45075.0,85337.0,76.97
ENT0202-B15,ENT0202,2025-07-10,2025-08-21,42,53736,18771.0,43510.0,42314.0,79.19
ENT0202-B16,ENT0202,2025-08-28,2025-10-09,42,52054,19786.0,41200.0,100425.0,96.55
ENT0202-B17,ENT0202,2025-10-16,2025-11-27,42,67437,15044.0,35982.0,141374.0,104.38
ENT0202-B18,ENT0202,2025-12-05,2026-01-16,42,54255,13273.0,35254.0,144123.0,109.72
ENT0202-B19,ENT0202,2026-01-23,2026-03-06,42,59196,16196.0,38445.0,99632.0,93.93
ENT0202-B20,ENT0202,2026-03-16,2026-04-27,42,47858,19172.0,47792.0,96227.0,88.48
ENT0202-B21,ENT0202,2026-05-04,2026-06-15,42,64925,20791.0,53627.0,94623.0,79.55
ENT0203-B01,ENT0203,2023-08-04,2023-09-15,42,45012,17600.0,41659.0,40395.0,96.06
ENT0203-B02,ENT0203,2023-09-22,2023-11-03,42,58771,16252.0,38647.0,129925.0,109.54
ENT0203-B03,ENT0203,2023-11-11,2023-12-23,42,63466,14704.0,37588.0,164735.0,114.44
ENT0203-B04,ENT0203,2024-01-02,2024-02-13,42,54561,15266.0,37920.0,167245.0,108.86
ENT0203-B05,ENT0203,2024-02-20,2024-04-02,42,51580,16776.0,40915.0,85265.0,90.81
ENT0203-B06,ENT0203,2024-04-11,2024-05-23,42,52889,17119.0,45910.0,90783.0,82.36
ENT0203-B07,ENT0203,2024-06-01,2024-07-13,42,47778,18645.0,48479.0,74740.0,84.05
ENT0203-B08,ENT0203,2024-07-20,2024-08-31,42,47709,18306.0,44791.0,42653.0,93.08
ENT0203-B09,ENT0203,2024-09-08,2024-10-20,42,58874,20981.0,40959.0,110238.0,108.01
ENT0203-B10,ENT0203,2024-10-27,2024-12-08,42,47985,15514.0,38990.0,76997.0,115.2
ENT0203-B11,ENT0203,2024-12-18,2025-01-29,42,43268,14304.0,38734.0,112014.0,98.11
ENT0203-B12,ENT0203,2025-02-06,2025-03-20,42,43540,20156.0,43819.0,102323.0,88.46
ENT0203-B13,ENT0203,2025-03-28,2025-05-09,42,53266,16796.0,46527.0,73152.0,76.68
ENT0203-B14,ENT0203,2025-05-18,2025-06-29,42,50278,18807.0,49125.0,50782.0,77.6
ENT0203-B15,ENT0203,2025-07-08,2025-08-19,42,55881,18535.0,48538.0,39527.0,86.17
ENT0203-B16,ENT0203,2025-08-29,2025-10-10,42,41425,23288.0,44039.0,77175.0,100.03
ENT0203-B17,ENT0203,2025-10-19,2025-11-30,42,44552,19712.0,42940.0,97031.0,106.79
ENT0203-B18,ENT0203,2025-12-09,2026-01-20,42,44383,18189.0,40871.0,122339.0,111.72
ENT0203-B19,ENT0203,2026-01-30,2026-03-13,42,52097,14627.0,45293.0,98521.0,96.32
ENT0203-B20,ENT0203,2026-03-22,2026-05-03,42,46178,22413.0,54972.0,68406.0,81.78
ENT0203-B21,ENT0203,2026-05-12,2026-06-23,42,52221,22892.0,56680.0,77977.0,82.4
ENT0209-B01,ENT0209,2023-08-09,2023-09-20,42,73938,19183.0,42867.0,126704.0,95.69
ENT0209-B02,ENT0209,2023-09-29,2023-11-10,42,70323,18726.0,39370.0,163720.0,114.65
ENT0209-B03,ENT0209,2023-11-17,2023-12-29,42,68785,17891.0,38150.0,154861.0,118.08
ENT0209-B04,ENT0209,2024-01-08,2024-02-19,42,73443,16172.0,38608.0,163857.0,106.51
ENT0209-B05,ENT0209,2024-02-28,2024-04-10,42,88497,19237.0,45596.0,105041.0,88.62
ENT0209-B06,ENT0209,2024-04-17,2024-05-29,42,65829,21818.0,46301.0,103905.0,85.49
ENT0209-B07,ENT0209,2024-06-07,2024-07-19,42,64986,17730.0,47999.0,97708.0,82.77
ENT0209-B08,ENT0209,2024-07-26,2024-09-06,42,63104,21636.0,47104.0,104658.0,97.33
ENT0209-B09,ENT0209,2024-09-13,2024-10-25,42,81660,21293.0,43125.0,178694.0,106.74
ENT0209-B10,ENT0209,2024-11-01,2024-12-13,42,90894,18448.0,40112.0,238639.0,116.93
ENT0209-B11,ENT0209,2024-12-21,2025-02-01,42,65473,18539.0,40745.0,145346.0,105.21
ENT0209-B12,ENT0209,2025-02-09,2025-03-23,42,62950,15336.0,44537.0,129585.0,97.33
ENT0209-B13,ENT0209,2025-04-01,2025-05-13,42,75853,21124.0,50563.0,112904.0,84.69
ENT0209-B14,ENT0209,2025-05-21,2025-07-02,42,83456,24633.0,51936.0,129137.0,86.2
ENT0209-B15,ENT0209,2025-07-10,2025-08-21,42,69693,19845.0,51997.0,73791.0,96.08
ENT0209-B16,ENT0209,2025-08-31,2025-10-12,42,65542,22082.0,48275.0,156431.0,115.64
ENT0209-B17,ENT0209,2025-10-21,2025-12-02,42,67347,18245.0,44694.0,191213.0,125.54
ENT0209-B18,ENT0209,2025-12-12,2026-01-23,42,83340,18043.0,45693.0,183986.0,121.04
ENT0209-B19,ENT0209,2026-02-02,2026-03-16,42,63583,22304.0,51458.0,166573.0,108.18
ENT0209-B20,ENT0209,2026-03-23,2026-05-04,42,61629,20804.0,55073.0,113664.0,91.38
ENT0209-B21,ENT0209,2026-05-12,2026-06-23,42,61562,21349.0,57040.0,101557.0,90.86
ENT0227-B01,ENT0227,2023-08-05,2023-09-16,42,87881,22430.0,60876.0,140511.0,93.93
ENT0227-B02,ENT0227,2023-09-24,2023-11-05,42,116049,26968.0,57532.0,267776.0,104.57
ENT0227-B03,ENT0227,2023-11-14,2023-12-26,42,100941,20826.0,53773.0,255105.0,107.22
ENT0227-B04,ENT0227,2024-01-02,2024-02-13,42,94567,21629.0,57220.0,275607.0,105.78
ENT0227-B05,ENT0227,2024-02-20,2024-04-02,42,99279,26041.0,59937.0,149020.0,94.04
ENT0227-B06,ENT0227,2024-04-10,2024-05-22,42,108981,23050.0,68493.0,192048.0,84.15
ENT0227-B07,ENT0227,2024-05-29,2024-07-10,42,110777,31253.0,68348.0,139729.0,83.89
ENT0227-B08,ENT0227,2024-07-18,2024-08-29,42,96038,27700.0,66375.0,82605.0,91.8
ENT0227-B09,ENT0227,2024-09-07,2024-10-19,42,109509,26777.0,60254.0,248065.0,111.94
ENT0227-B10,ENT0227,2024-10-27,2024-12-08,42,98473,25238.0,58763.0,265756.0,121.04
ENT0227-B11,ENT0227,2024-12-15,2025-01-26,42,99362,22559.0,58577.0,285992.0,120.15
ENT0227-B12,ENT0227,2025-02-05,2025-03-19,42,105612,26627.0,62755.0,230137.0,102.87
ENT0227-B13,ENT0227,2025-03-27,2025-05-08,42,118085,30105.0,69531.0,197535.0,87.53
ENT0227-B14,ENT0227,2025-05-17,2025-06-28,42,96555,34023.0,74939.0,162732.0,88.39
ENT0227-B15,ENT0227,2025-07-05,2025-08-16,42,96087,28547.0,75230.0,90008.0,97.9
ENT0227-B16,ENT0227,2025-08-26,2025-10-07,42,104801,26264.0,68638.0,226027.0,114.31
ENT0227-B17,ENT0227,2025-10-17,2025-11-28,42,89064,25644.0,61911.0,277042.0,119.43
ENT0227-B18,ENT0227,2025-12-06,2026-01-17,42,105821,26267.0,61971.0,253623.0,115.72
ENT0227-B19,ENT0227,2026-01-27,2026-03-10,42,89656,29919.0,67717.0,225446.0,104.7
ENT0227-B20,ENT0227,2026-03-20,2026-05-01,42,92144,34142.0,81711.0,139170.0,92.72
ENT0227-B21,ENT0227,2026-05-10,2026-06-21,42,105861,40538.0,86315.0,149226.0,90.06
ENT0231-B01,ENT0231,2023-08-07,2023-09-18,42,38934,10790.0,27368.0,72213.0,95.71
ENT0231-B02,ENT0231,2023-09-28,2023-11-09,42,50632,9765.0,24513.0,113324.0,105.01
ENT0231-B03,ENT0231,2023-11-18,2023-12-30,42,48771,10216.0,23035.0,107931.0,113.24
ENT0231-B04,ENT0231,2024-01-06,2024-02-17,42,44953,11372.0,24650.0,89899.0,103.67
ENT0231-B05,ENT0231,2024-02-24,2024-04-06,42,44757,11236.0,26583.0,78695.0,87.56
ENT0231-B06,ENT0231,2024-04-16,2024-05-28,42,34428,11641.0,30294.0,63298.0,84.69
ENT0231-B07,ENT0231,2024-06-05,2024-07-17,42,34484,13857.0,31193.0,55115.0,84.56
ENT0231-B08,ENT0231,2024-07-25,2024-09-05,42,39883,15317.0,30286.0,71565.0,98.58
ENT0231-B09,ENT0231,2024-09-15,2024-10-27,42,44162,13792.0,27351.0,106340.0,110.76
ENT0231-B10,ENT0231,2024-11-05,2024-12-17,42,36618,10758.0,25399.0,60205.0,106.32
ENT0231-B11,ENT0231,2024-12-24,2025-02-04,42,38563,10925.0,26174.0,90474.0,97.42
ENT0231-B12,ENT0231,2025-02-11,2025-03-25,42,47498,11427.0,29426.0,78590.0,90.29
ENT0231-B13,ENT0231,2025-04-02,2025-05-14,42,48280,11441.0,32820.0,73314.0,75.99
ENT0231-B14,ENT0231,2025-05-22,2025-07-03,42,53070,16375.0,35170.0,58150.0,76.97
ENT0231-B15,ENT0231,2025-07-10,2025-08-21,42,42668,15485.0,33238.0,36402.0,79.19
ENT0231-B16,ENT0231,2025-08-30,2025-10-11,42,44705,14930.0,30979.0,76006.0,96.41
ENT0231-B17,ENT0231,2025-10-21,2025-12-02,42,44428,13565.0,27386.0,122250.0,106.52
ENT0231-B18,ENT0231,2025-12-10,2026-01-21,42,44776,10096.0,27197.0,133860.0,108.26
ENT0231-B19,ENT0231,2026-01-30,2026-03-13,42,43051,10185.0,31087.0,71993.0,94.55
ENT0231-B20,ENT0231,2026-03-20,2026-05-01,42,47577,13374.0,38147.0,69328.0,83.33
ENT0231-B21,ENT0231,2026-05-08,2026-06-19,42,48517,16345.0,40223.0,63103.0,79.31
ENT0232-B01,ENT0232,2023-08-06,2023-09-17,42,90062,34290.0,84273.0,157328.0,95.22
ENT0232-B02,ENT0232,2023-09-27,2023-11-08,42,105180,35273.0,75511.0,309566.0,104.54
ENT0232-B03,ENT0232,2023-11-15,2023-12-27,42,135677,30515.0,68372.0,304385.0,112.23
ENT0232-B04,ENT0232,2024-01-03,2024-02-14,42,94862,33745.0,73364.0,217534.0,101.87
ENT0232-B05,ENT0232,2024-02-24,2024-04-06,42,106880,33418.0,82391.0,162126.0,87.56
ENT0232-B06,ENT0232,2024-04-14,2024-05-26,42,96030,34633.0,89052.0,149411.0,84.89
ENT0232-B07,ENT0232,2024-06-02,2024-07-14,42,98780,33948.0,94204.0,123001.0,84.26
ENT0232-B08,ENT0232,2024-07-22,2024-09-02,42,93534,46029.0,93360.0,96510.0,99.06
ENT0232-B09,ENT0232,2024-09-10,2024-10-22,42,106982,35098.0,84853.0,201829.0,112.32
ENT0232-B10,ENT0232,2024-11-01,2024-12-13,42,115983,32623.0,77971.0,166686.0,109.2
ENT0232-B11,ENT0232,2024-12-23,2025-02-03,42,108472,29583.0,77526.0,233200.0,96.24
ENT0232-B12,ENT0232,2025-02-10,2025-03-24,42,108552,31806.0,88459.0,178255.0,90.09
ENT0232-B13,ENT0232,2025-04-02,2025-05-14,42,108629,34020.0,98732.0,145291.0,75.99
ENT0232-B14,ENT0232,2025-05-22,2025-07-03,42,96299,36932.0,108626.0,118921.0,76.97
ENT0232-B15,ENT0232,2025-07-11,2025-08-22,42,122190,43700.0,101613.0,77245.0,78.75
ENT0232-B16,ENT0232,2025-08-30,2025-10-11,42,91467,40804.0,95185.0,168985.0,96.41
ENT0232-B17,ENT0232,2025-10-20,2025-12-01,42,98835,40028.0,84273.0,241383.0,106.79
ENT0232-B18,ENT0232,2025-12-10,2026-01-21,42,114827,33475.0,81062.0,242369.0,108.26
ENT0232-B19,ENT0232,2026-01-28,2026-03-11,42,94593,29397.0,92002.0,164241.0,93.75
ENT0232-B20,ENT0232,2026-03-21,2026-05-02,42,104369,42512.0,110061.0,153556.0,82.78
ENT0232-B21,ENT0232,2026-05-10,2026-06-21,42,85723,47186.0,124550.0,136485.0,79.12
ENT0233-B01,ENT0233,2023-08-01,2023-09-12,42,74929,13797.0,38790.0,64822.0,95.02
ENT0233-B02,ENT0233,2023-09-21,2023-11-02,42,51524,16853.0,34943.0,128202.0,104.71
ENT0233-B03,ENT0233,2023-11-11,2023-12-23,42,65851,15673.0,33047.0,164065.0,107.73
ENT0233-B04,ENT0233,2024-01-02,2024-02-13,42,57367,11889.0,33915.0,143103.0,105.78
ENT0233-B05,ENT0233,2024-02-23,2024-04-05,42,52291,17012.0,37552.0,98968.0,93.22
ENT0233-B06,ENT0233,2024-04-13,2024-05-25,42,65496,18129.0,38404.0,105747.0,83.81
ENT0233-B07,ENT0233,2024-06-01,2024-07-13,42,68826,16829.0,41098.0,91049.0,83.28
ENT0233-B08,ENT0233,2024-07-20,2024-08-31,42,57627,19074.0,40021.0,41201.0,91.2
ENT0233-B09,ENT0233,2024-09-07,2024-10-19,42,54164,14852.0,36356.0,114219.0,111.94
ENT0233-B10,ENT0233,2024-10-28,2024-12-09,42,69064,17113.0,34973.0,174358.0,120.64
ENT0233-B11,ENT0233,2024-12-16,2025-01-27,42,50348,14039.0,35231.0,127474.0,119.89
ENT0233-B12,ENT0233,2025-02-03,2025-03-17,42,72100,12892.0,38480.0,150349.0,102.29
ENT0233-B13,ENT0233,2025-03-25,2025-05-06,42,72953,17766.0,41499.0,115206.0,88.33
ENT0233-B14,ENT0233,2025-05-13,2025-06-24,42,54289,20544.0,44398.0,83230.0,85.96
ENT0233-B15,ENT0233,2025-07-01,2025-08-12,42,56047,17891.0,44168.0,58116.0,98.88
ENT0233-B16,ENT0233,2025-08-22,2025-10-03,42,63283,19924.0,41541.0,143208.0,113.99
ENT0233-B17,ENT0233,2025-10-13,2025-11-24,42,59770,15034.0,37635.0,158166.0,120.42
ENT0233-B18,ENT0233,2025-12-01,2026-01-12,42,63735,16424.0,37596.0,159282.0,116.38
ENT0233-B19,ENT0233,2026-01-21,2026-03-04,42,64173,16575.0,40941.0,143422.0,105.11
ENT0233-B20,ENT0233,2026-03-14,2026-04-25,42,58108,21900.0,49183.0,109857.0,97.75
ENT0233-B21,ENT0233,2026-05-03,2026-06-14,42,67092,20377.0,52994.0,97410.0,91.86
ENT0237-B01,ENT0237,2023-08-03,2023-09-14,42,102055,27829.0,60749.0,88494.0,96.15
ENT0237-B02,ENT0237,2023-09-23,2023-11-04,42,105992,27911.0,58197.0,251330.0,109.21
ENT0237-B03,ENT0237,2023-11-14,2023-12-26,42,119349,19757.0,54375.0,308853.0,113.72
ENT0237-B04,ENT0237,2024-01-02,2024-02-13,42,87088,19589.0,55421.0,204897.0,108.86
ENT0237-B05,ENT0237,2024-02-23,2024-04-05,42,114831,24896.0,63071.0,172655.0,89.87
ENT0237-B06,ENT0237,2024-04-14,2024-05-26,42,99061,24966.0,67750.0,138015.0,81.72
ENT0237-B07,ENT0237,2024-06-04,2024-07-16,42,82464,30019.0,70174.0,117860.0,84.93
ENT0237-B08,ENT0237,2024-07-26,2024-09-06,42,101036,33131.0,66544.0,201711.0,103.05
ENT0237-B09,ENT0237,2024-09-15,2024-10-27,42,103692,25821.0,60181.0,208516.0,107.89
ENT0237-B10,ENT0237,2024-11-06,2024-12-18,42,98041,26683.0,57256.0,118467.0,103.49
ENT0237-B11,ENT0237,2024-12-28,2025-02-08,42,113995,25076.0,57762.0,243941.0,92.12
ENT0237-B12,ENT0237,2025-02-17,2025-03-31,42,112662,28326.0,66062.0,217803.0,87.92
ENT0237-B13,ENT0237,2025-04-09,2025-05-21,42,128172,29686.0,69253.0,142291.0,78.54
ENT0237-B14,ENT0237,2025-05-29,2025-07-10,42,122124,27670.0,73224.0,147442.0,80.34
ENT0237-B15,ENT0237,2025-07-18,2025-08-29,42,105248,26359.0,72066.0,143981.0,84.44
ENT0237-B16,ENT0237,2025-09-08,2025-10-20,42,126938,24746.0,63920.0,141304.0,99.09
ENT0237-B17,ENT0237,2025-10-27,2025-12-08,42,79205,25594.0,60976.0,202700.0,110.04
ENT0237-B18,ENT0237,2025-12-17,2026-01-28,42,119762,22350.0,59058.0,237045.0,107.97
ENT0237-B19,ENT0237,2026-02-07,2026-03-21,42,102839,28098.0,69758.0,188288.0,94.71
ENT0237-B20,ENT0237,2026-03-29,2026-05-10,42,112986,37907.0,80679.0,160143.0,83.93
ENT0237-B21,ENT0237,2026-05-19,2026-06-30,42,102182,37539.0,87149.0,154955.0,82.33
ENT0241-B01,ENT0241,2023-08-02,2023-09-13,42,153591,41410.0,84349.0,156970.0,96.26
ENT0241-B02,ENT0241,2023-09-22,2023-11-03,42,127529,33503.0,81715.0,307485.0,109.54
ENT0241-B03,ENT0241,2023-11-10,2023-12-22,42,102055,28519.0,75617.0,244601.0,113.01
ENT0241-B04,ENT0241,2023-12-31,2024-02-11,42,115717,26757.0,79226.0,293828.0,108.78
ENT0241-B05,ENT0241,2024-02-19,2024-04-01,42,124890,36676.0,85537.0,248371.0,90.69
ENT0241-B06,ENT0241,2024-04-09,2024-05-21,42,105714,40771.0,96394.0,167424.0,81.76
ENT0241-B07,ENT0241,2024-05-31,2024-07-12,42,128461,43344.0,99833.0,180091.0,84.51
ENT0241-B08,ENT0241,2024-07-19,2024-08-30,42,135873,40147.0,94668.0,125938.0,93.34
ENT0241-B09,ENT0241,2024-09-07,2024-10-19,42,119226,43101.0,86725.0,268327.0,107.59
ENT0241-B10,ENT0241,2024-10-28,2024-12-09,42,103655,34674.0,81926.0,186938.0,113.08
ENT0241-B11,ENT0241,2024-12-18,2025-01-29,42,125118,32849.0,81189.0,230865.0,98.11
ENT0241-B12,ENT0241,2025-02-08,2025-03-22,42,94239,35310.0,90822.0,157296.0,87.81
ENT0241-B13,ENT0241,2025-03-30,2025-05-11,42,125672,39307.0,97678.0,189034.0,76.21
ENT0241-B14,ENT0241,2025-05-20,2025-07-01,42,125993,35657.0,104832.0,190127.0,79.4
ENT0241-B15,ENT0241,2025-07-10,2025-08-21,42,112162,49341.0,99088.0,92916.0,85.51
ENT0241-B16,ENT0241,2025-08-28,2025-10-09,42,124561,46081.0,92917.0,252394.0,100.81
ENT0241-B17,ENT0241,2025-10-18,2025-11-29,42,137283,38927.0,85401.0,286049.0,106.2
ENT0241-B18,ENT0241,2025-12-08,2026-01-19,42,126391,39440.0,82477.0,322041.0,111.75
ENT0241-B19,ENT0241,2026-01-29,2026-03-12,42,116758,35585.0,96294.0,229804.0,96.57
ENT0241-B20,ENT0241,2026-03-22,2026-05-03,42,122198,40262.0,114136.0,197810.0,81.78
ENT0241-B21,ENT0241,2026-05-10,2026-06-21,42,145901,50385.0,117350.0,203415.0,82.82
ENT0244-B01,ENT0244,2023-08-06,2023-09-17,42,86103,23022.0,60133.0,128318.0,95.22
ENT0244-B02,ENT0244,2023-09-24,2023-11-05,42,84218,22549.0,55978.0,209798.0,105.24
ENT0244-B03,ENT0244,2023-11-14,2023-12-26,42,88660,22696.0,51102.0,249513.0,111.97
ENT0244-B04,ENT0244,2024-01-04,2024-02-15,42,79858,25619.0,54120.0,183099.0,102.22
ENT0244-B05,ENT0244,2024-02-25,2024-04-07,42,72530,22072.0,60387.0,131546.0,87.83
ENT0244-B06,ENT0244,2024-04-15,2024-05-27,42,73370,25702.0,66281.0,113664.0,84.63
ENT0244-B07,ENT0244,2024-06-03,2024-07-15,42,70894,30191.0,68655.0,118873.0,84.65
ENT0244-B08,ENT0244,2024-07-25,2024-09-05,42,74420,25524.0,68098.0,135891.0,98.58
ENT0244-B09,ENT0244,2024-09-12,2024-10-24,42,94100,25102.0,61319.0,205334.0,111.62
ENT0244-B10,ENT0244,2024-11-02,2024-12-14,42,73690,22977.0,58741.0,109674.0,108.39
ENT0244-B11,ENT0244,2024-12-21,2025-02-01,42,74812,23171.0,58329.0,160859.0,95.97
ENT0244-B12,ENT0244,2025-02-11,2025-03-25,42,93155,22825.0,63894.0,145723.0,90.29
ENT0244-B13,ENT0244,2025-04-01,2025-05-13,42,102565,26503.0,74489.0,114105.0,75.81
ENT0244-B14,ENT0244,2025-05-23,2025-07-04,42,88132,35039.0,77861.0,112309.0,77.13
ENT0244-B15,ENT0244,2025-07-12,2025-08-23,42,76664,28255.0,76561.0,65280.0,78.91
ENT0244-B16,ENT0244,2025-08-31,2025-10-12,42,88886,35493.0,68896.0,167080.0,96.36
ENT0244-B17,ENT0244,2025-10-22,2025-12-03,42,83835,32793.0,64261.0,188302.0,106.54
ENT0244-B18,ENT0244,2025-12-11,2026-01-22,42,86113,23210.0,61283.0,266214.0,108.54
ENT0244-B19,ENT0244,2026-02-01,2026-03-15,42,79790,23932.0,70498.0,142865.0,94.48
ENT0244-B20,ENT0244,2026-03-23,2026-05-04,42,87181,30280.0,82292.0,136170.0,82.1
ENT0244-B21,ENT0244,2026-05-14,2026-06-25,42,85805,42464.0,92246.0,110269.0,79.07
ENT0252-B01,ENT0252,2023-08-02,2023-09-13,42,74509,22057.0,60266.0,68297.0,95.78
ENT0252-B02,ENT0252,2023-09-20,2023-11-01,42,89569,26255.0,56485.0,198850.0,104.51
ENT0252-B03,ENT0252,2023-11-09,2023-12-21,42,77872,23765.0,50666.0,245501.0,111.49
ENT0252-B04,ENT0252,2023-12-29,2024-02-09,42,98103,18532.0,52488.0,215147.0,101.88
ENT0252-B05,ENT0252,2024-02-19,2024-04-01,42,73209,23056.0,56993.0,128192.0,86.61
ENT0252-B06,ENT0252,2024-04-08,2024-05-20,42,93577,27882.0,64555.0,123073.0,84.7
ENT0252-B07,ENT0252,2024-05-29,2024-07-10,42,87475,31417.0,68342.0,104487.0,84.91
ENT0252-B08,ENT0252,2024-07-18,2024-08-29,42,81164,30348.0,65377.0,80053.0,90.6
ENT0252-B09,ENT0252,2024-09-07,2024-10-19,42,72187,27221.0,57451.0,149381.0,111.95
ENT0252-B10,ENT0252,2024-10-27,2024-12-08,42,95465,23512.0,56210.0,145913.0,116.16
ENT0252-B11,ENT0252,2024-12-17,2025-01-28,42,94401,20933.0,55970.0,204275.0,101.36
ENT0252-B12,ENT0252,2025-02-04,2025-03-18,42,105425,23323.0,60993.0,162293.0,89.02
ENT0252-B13,ENT0252,2025-03-25,2025-05-06,42,92348,30247.0,68706.0,122813.0,76.31
ENT0252-B14,ENT0252,2025-05-13,2025-06-24,42,100864,27370.0,73423.0,120119.0,75.65
ENT0252-B15,ENT0252,2025-07-02,2025-08-13,42,82977,28833.0,73497.0,73390.0,79.18
ENT0252-B16,ENT0252,2025-08-22,2025-10-03,42,70575,26042.0,70868.0,136992.0,95.4
ENT0252-B17,ENT0252,2025-10-11,2025-11-22,42,79795,26616.0,62655.0,182881.0,105.19
ENT0252-B18,ENT0252,2025-12-01,2026-01-12,42,82542,28263.0,59634.0,210487.0,108.83
ENT0252-B19,ENT0252,2026-01-21,2026-03-04,42,73421,23460.0,63880.0,154652.0,93.94
ENT0252-B20,ENT0252,2026-03-12,2026-04-23,42,85152,27422.0,78253.0,127936.0,88.36
ENT0252-B21,ENT0252,2026-05-02,2026-06-13,42,97298,29937.0,88966.0,140867.0,79.58
