outcome_id,task_id,enterprise_id,visited_on,outcome,intervention,officer_note_lang,becomes_training_label
OC00001,TK00001,ENT0001,2024-03-09,stress_confirmed,advice_only,gu,True
OC00002,TK00003,ENT0001,2024-07-13,stress_confirmed,scheme_linkage,gu,True
OC00003,TK00006,ENT0001,2025-03-04,false_positive,no_action,gu,True
OC00004,TK00007,ENT0001,2025-05-15,stress_confirmed,bridge_loan_sanctioned,gu,True
OC00005,TK00008,ENT0001,2025-07-22,stress_confirmed,bridge_loan_sanctioned,gu,True
OC00006,TK00009,ENT0001,2025-09-08,stress_confirmed,bridge_loan_sanctioned,gu,True
OC00007,TK00010,ENT0001,2026-01-18,stress_confirmed,advice_only,gu,True
OC00008,TK00012,ENT0001,2026-06-16,stress_confirmed,advice_only,gu,True
OC00009,TK00013,ENT0001,2026-08-04,false_positive,no_action,gu,True
OC00010,TK00014,ENT0002,2023-12-22,false_positive,no_action,as,True
OC00011,TK00016,ENT0002,2026-05-12,stress_confirmed,advice_only,as,True
OC00012,TK00017,ENT0003,2023-12-06,stress_confirmed,scheme_linkage,mr,True
OC00013,TK00018,ENT0003,2024-02-16,stress_confirmed,advice_only,mr,True
OC00014,TK00019,ENT0003,2024-04-06,stress_confirmed,advice_only,mr,True
OC00015,TK00020,ENT0003,2024-06-14,stress_confirmed,emi_rescheduled,mr,True
OC00016,TK00022,ENT0003,2026-05-10,false_positive,no_action,mr,True
OC00017,TK00023,ENT0004,2025-05-06,false_positive,no_action,te,True
OC00018,TK00024,ENT0004,2026-05-17,stress_confirmed,emi_rescheduled,te,True
OC00019,TK00025,ENT0005,2023-12-11,false_positive,no_action,hi,True
OC00020,TK00027,ENT0005,2025-03-09,stress_confirmed,bridge_loan_sanctioned,hi,True
OC00021,TK00028,ENT0005,2025-05-19,stress_confirmed,no_action,hi,True
OC00022,TK00029,ENT0005,2026-01-19,false_positive,no_action,hi,True
OC00023,TK00030,ENT0005,2026-05-10,stress_confirmed,no_action,hi,True
OC00024,TK00031,ENT0006,2024-03-18,stress_confirmed,emi_rescheduled,te,True
OC00025,TK00032,ENT0006,2024-05-16,stress_confirmed,no_action,te,True
OC00026,TK00034,ENT0006,2024-09-15,stress_confirmed,emi_rescheduled,te,True
OC00027,TK00035,ENT0006,2024-11-04,stress_confirmed,advice_only,te,True
OC00028,TK00036,ENT0006,2025-01-21,false_positive,no_action,te,True
OC00029,TK00038,ENT0006,2025-06-24,stress_confirmed,bridge_loan_sanctioned,te,True
OC00030,TK00039,ENT0006,2025-08-07,stress_confirmed,bridge_loan_sanctioned,te,True
OC00031,TK00040,ENT0006,2025-10-14,false_positive,no_action,te,True
OC00032,TK00041,ENT0006,2026-04-06,stress_confirmed,emi_rescheduled,te,True
OC00033,TK00042,ENT0006,2026-06-13,false_positive,no_action,te,True
OC00034,TK00043,ENT0006,2026-08-16,stress_confirmed,bridge_loan_sanctioned,te,True
OC00035,TK00044,ENT0007,2023-12-25,stress_confirmed,bridge_loan_sanctioned,te,True
OC00036,TK00048,ENT0007,2024-09-04,false_positive,no_action,te,True
OC00037,TK00049,ENT0007,2024-11-13,stress_confirmed,bridge_loan_sanctioned,te,True
OC00038,TK00050,ENT0007,2025-05-14,stress_confirmed,advice_only,te,True
OC00039,TK00051,ENT0007,2025-07-19,false_positive,no_action,te,True
OC00040,TK00053,ENT0008,2025-07-15,false_positive,no_action,or,True
OC00041,TK00054,ENT0009,2023-12-12,stress_confirmed,advice_only,mr,True
OC00042,TK00055,ENT0010,2024-09-08,stress_confirmed,advice_only,hi,True
OC00043,TK00056,ENT0011,2023-12-11,stress_confirmed,bridge_loan_sanctioned,hi,True
OC00044,TK00057,ENT0011,2024-02-08,stress_confirmed,advice_only,hi,True
OC00045,TK00058,ENT0011,2025-03-10,stress_confirmed,scheme_linkage,hi,True
OC00046,TK00059,ENT0012,2026-05-09,false_positive,no_action,mr,True
OC00047,TK00060,ENT0013,2023-12-20,false_positive,no_action,as,True
OC00048,TK00062,ENT0015,2024-03-12,stress_confirmed,no_action,as,True
OC00049,TK00063,ENT0015,2024-05-07,stress_confirmed,advice_only,as,True
OC00050,TK00064,ENT0016,2023-12-19,stress_confirmed,bridge_loan_sanctioned,or,True
OC00051,TK00065,ENT0016,2024-02-06,stress_confirmed,bridge_loan_sanctioned,or,True
OC00052,TK00066,ENT0016,2024-04-21,stress_confirmed,bridge_loan_sanctioned,or,True
OC00053,TK00067,ENT0016,2024-07-08,stress_confirmed,bridge_loan_sanctioned,or,True
OC00054,TK00068,ENT0016,2024-09-16,false_positive,no_action,or,True
OC00055,TK00071,ENT0017,2024-06-07,stress_confirmed,scheme_linkage,as,True
OC00056,TK00072,ENT0017,2026-06-17,false_positive,no_action,as,True
OC00057,TK00073,ENT0018,2025-08-17,stress_confirmed,advice_only,as,True
OC00058,TK00074,ENT0019,2025-05-06,false_positive,no_action,te,True
OC00059,TK00075,ENT0019,2025-08-21,false_positive,no_action,te,True
OC00060,TK00076,ENT0019,2026-06-10,stress_confirmed,bridge_loan_sanctioned,te,True
OC00061,TK00077,ENT0020,2023-12-24,false_positive,no_action,as,True
OC00062,TK00078,ENT0020,2024-02-16,stress_confirmed,no_action,as,True
OC00063,TK00079,ENT0020,2026-05-09,stress_confirmed,advice_only,as,True
OC00064,TK00081,ENT0022,2024-06-17,stress_confirmed,bridge_loan_sanctioned,gu,True
OC00065,TK00083,ENT0022,2025-07-04,stress_confirmed,advice_only,gu,True
OC00066,TK00084,ENT0022,2026-04-09,stress_confirmed,emi_rescheduled,gu,True
OC00067,TK00085,ENT0022,2026-06-11,stress_confirmed,emi_rescheduled,gu,True
OC00068,TK00087,ENT0023,2025-09-20,false_positive,no_action,mr,True
OC00069,TK00088,ENT0024,2025-05-24,stress_confirmed,bridge_loan_sanctioned,te,True
OC00070,TK00090,ENT0026,2023-12-17,false_positive,no_action,or,True
OC00071,TK00091,ENT0026,2026-05-22,stress_confirmed,bridge_loan_sanctioned,or,True
OC00072,TK00092,ENT0027,2025-07-08,stress_confirmed,bridge_loan_sanctioned,or,True
OC00073,TK00095,ENT0028,2024-07-11,false_positive,no_action,hi,True
OC00074,TK00096,ENT0028,2025-04-22,stress_confirmed,advice_only,hi,True
OC00075,TK00098,ENT0028,2025-08-19,stress_confirmed,emi_rescheduled,hi,True
OC00076,TK00099,ENT0028,2026-04-17,stress_confirmed,bridge_loan_sanctioned,hi,True
OC00077,TK00101,ENT0028,2026-08-17,false_positive,no_action,hi,True
OC00078,TK00102,ENT0029,2026-07-20,stress_confirmed,advice_only,mr,True
OC00079,TK00103,ENT0030,2024-04-17,false_positive,no_action,gu,True
OC00080,TK00105,ENT0030,2024-08-06,false_positive,no_action,gu,True
OC00081,TK00106,ENT0030,2026-05-20,false_positive,no_action,gu,True
OC00082,TK00107,ENT0031,2024-04-14,false_positive,no_action,gu,True
OC00083,TK00108,ENT0031,2024-06-05,false_positive,no_action,gu,True
OC00084,TK00109,ENT0031,2025-04-16,stress_confirmed,bridge_loan_sanctioned,gu,True
OC00085,TK00110,ENT0031,2025-06-15,stress_confirmed,scheme_linkage,gu,True
OC00086,TK00111,ENT0031,2025-08-18,false_positive,no_action,gu,True
OC00087,TK00113,ENT0031,2025-12-10,stress_confirmed,bridge_loan_sanctioned,gu,True
OC00088,TK00114,ENT0031,2026-03-18,stress_confirmed,advice_only,gu,True
OC00089,TK00115,ENT0031,2026-05-09,stress_confirmed,emi_rescheduled,gu,True
OC00090,TK00117,ENT0032,2025-09-24,stress_confirmed,advice_only,or,True
OC00091,TK00120,ENT0033,2025-07-20,stress_confirmed,no_action,or,True
OC00092,TK00121,ENT0033,2025-09-06,stress_confirmed,advice_only,or,True
OC00093,TK00122,ENT0033,2025-11-11,false_positive,no_action,or,True
OC00094,TK00123,ENT0033,2026-05-22,false_positive,no_action,or,True
OC00095,TK00124,ENT0033,2026-07-12,false_positive,no_action,or,True
OC00096,TK00125,ENT0034,2023-12-19,stress_confirmed,bridge_loan_sanctioned,or,True
OC00097,TK00128,ENT0034,2024-06-04,stress_confirmed,emi_rescheduled,or,True
OC00098,TK00129,ENT0034,2024-08-12,stress_confirmed,bridge_loan_sanctioned,or,True
OC00099,TK00130,ENT0034,2024-11-17,stress_confirmed,no_action,or,True
OC00100,TK00131,ENT0034,2025-04-10,stress_confirmed,emi_rescheduled,or,True
OC00101,TK00132,ENT0034,2025-06-14,false_positive,no_action,or,True
OC00102,TK00133,ENT0035,2023-12-06,stress_confirmed,advice_only,mr,True
OC00103,TK00134,ENT0035,2024-02-09,stress_confirmed,emi_rescheduled,mr,True
OC00104,TK00135,ENT0035,2024-07-18,false_positive,no_action,mr,True
OC00105,TK00137,ENT0035,2024-11-21,false_positive,no_action,mr,True
OC00106,TK00138,ENT0035,2025-01-16,stress_confirmed,advice_only,mr,True
OC00107,TK00139,ENT0035,2026-05-07,false_positive,no_action,mr,True
OC00108,TK00140,ENT0036,2024-02-15,stress_confirmed,scheme_linkage,as,True
OC00109,TK00141,ENT0036,2024-07-07,false_positive,no_action,as,True
OC00110,TK00143,ENT0036,2025-07-19,stress_confirmed,advice_only,as,True
OC00111,TK00144,ENT0036,2025-10-13,stress_confirmed,advice_only,as,True
OC00112,TK00147,ENT0037,2024-08-13,false_positive,no_action,hi,True
OC00113,TK00148,ENT0037,2024-10-23,false_positive,no_action,hi,True
OC00114,TK00150,ENT0037,2025-05-07,false_positive,no_action,hi,True
OC00115,TK00151,ENT0037,2026-04-15,false_positive,no_action,hi,True
OC00116,TK00153,ENT0038,2024-05-13,false_positive,no_action,mr,True
OC00117,TK00154,ENT0038,2024-07-21,false_positive,no_action,mr,True
OC00118,TK00155,ENT0038,2025-04-15,stress_confirmed,advice_only,mr,True
OC00119,TK00156,ENT0038,2025-06-07,stress_confirmed,emi_rescheduled,mr,True
OC00120,TK00157,ENT0038,2026-05-04,false_positive,no_action,mr,True
OC00121,TK00158,ENT0038,2026-07-17,false_positive,no_action,mr,True
OC00122,TK00159,ENT0039,2023-12-09,stress_confirmed,bridge_loan_sanctioned,mr,True
OC00123,TK00160,ENT0039,2024-02-14,false_positive,no_action,mr,True
OC00124,TK00161,ENT0039,2024-07-20,stress_confirmed,scheme_linkage,mr,True
OC00125,TK00163,ENT0039,2024-11-19,stress_confirmed,advice_only,mr,True
OC00126,TK00164,ENT0039,2025-09-23,stress_confirmed,bridge_loan_sanctioned,mr,True
OC00127,TK00165,ENT0040,2023-12-22,stress_confirmed,bridge_loan_sanctioned,as,True
OC00128,TK00169,ENT0041,2025-09-17,false_positive,no_action,hi,True
OC00129,TK00170,ENT0041,2026-07-19,stress_confirmed,advice_only,hi,True
OC00130,TK00171,ENT0042,2024-06-03,false_positive,no_action,mr,True
OC00131,TK00173,ENT0045,2025-09-09,stress_confirmed,scheme_linkage,te,True
OC00132,TK00174,ENT0045,2026-07-07,stress_confirmed,bridge_loan_sanctioned,te,True
OC00133,TK00177,ENT0048,2024-02-05,stress_confirmed,emi_rescheduled,mr,True
OC00134,TK00178,ENT0048,2024-08-16,stress_confirmed,no_action,mr,True
OC00135,TK00179,ENT0048,2026-05-12,stress_confirmed,no_action,mr,True
OC00136,TK00180,ENT0049,2023-12-12,stress_confirmed,scheme_linkage,as,True
OC00137,TK00181,ENT0049,2024-09-25,false_positive,no_action,as,True
OC00138,TK00182,ENT0049,2024-12-04,false_positive,no_action,as,True
OC00139,TK00183,ENT0050,2023-12-23,false_positive,no_action,or,True
OC00140,TK00188,ENT0051,2026-05-19,false_positive,no_action,hi,True
OC00141,TK00190,ENT0054,2024-03-06,stress_confirmed,no_action,mr,True
OC00142,TK00191,ENT0054,2024-05-07,stress_confirmed,advice_only,mr,True
OC00143,TK00192,ENT0054,2024-07-20,false_positive,no_action,mr,True
OC00144,TK00193,ENT0054,2026-05-12,false_positive,no_action,mr,True
OC00145,TK00194,ENT0054,2026-07-07,false_positive,no_action,mr,True
OC00146,TK00195,ENT0055,2023-12-10,stress_confirmed,advice_only,as,True
OC00147,TK00196,ENT0055,2024-02-19,stress_confirmed,no_action,as,True
OC00148,TK00197,ENT0056,2024-09-08,stress_confirmed,advice_only,gu,True
OC00149,TK00198,ENT0056,2025-08-17,false_positive,no_action,gu,True
OC00150,TK00200,ENT0057,2025-05-11,stress_confirmed,advice_only,te,True
OC00151,TK00201,ENT0058,2026-05-06,stress_confirmed,emi_rescheduled,gu,True
OC00152,TK00202,ENT0059,2025-05-12,stress_confirmed,scheme_linkage,te,True
OC00153,TK00203,ENT0060,2024-07-23,stress_confirmed,emi_rescheduled,mr,True
OC00154,TK00204,ENT0060,2026-07-20,false_positive,no_action,mr,True
OC00155,TK00205,ENT0061,2024-07-20,stress_confirmed,scheme_linkage,mr,True
OC00156,TK00206,ENT0061,2025-11-05,false_positive,no_action,mr,True
OC00157,TK00208,ENT0062,2026-05-07,stress_confirmed,scheme_linkage,as,True
OC00158,TK00209,ENT0062,2026-07-06,stress_confirmed,emi_rescheduled,as,True
OC00159,TK00210,ENT0064,2025-05-14,false_positive,no_action,as,True
OC00160,TK00212,ENT0065,2023-12-22,stress_confirmed,scheme_linkage,mr,True
OC00161,TK00213,ENT0065,2024-03-18,false_positive,no_action,mr,True
OC00162,TK00214,ENT0065,2024-05-07,stress_confirmed,no_action,mr,True
OC00163,TK00216,ENT0065,2026-05-13,stress_confirmed,advice_only,mr,True
OC00164,TK00217,ENT0066,2024-03-24,false_positive,no_action,gu,True
OC00165,TK00219,ENT0066,2024-07-17,stress_confirmed,emi_rescheduled,gu,True
OC00166,TK00220,ENT0066,2025-04-23,stress_confirmed,no_action,gu,True
OC00167,TK00221,ENT0066,2025-06-24,false_positive,no_action,gu,True
OC00168,TK00222,ENT0066,2026-03-21,stress_confirmed,emi_rescheduled,gu,True
OC00169,TK00223,ENT0066,2026-05-06,stress_confirmed,advice_only,gu,True
OC00170,TK00226,ENT0067,2024-02-19,stress_confirmed,bridge_loan_sanctioned,hi,True
OC00171,TK00227,ENT0067,2024-04-09,stress_confirmed,advice_only,hi,True
OC00172,TK00228,ENT0067,2024-06-10,stress_confirmed,advice_only,hi,True
OC00173,TK00229,ENT0067,2024-08-11,false_positive,no_action,hi,True
OC00174,TK00230,ENT0067,2024-10-10,false_positive,no_action,hi,True
OC00175,TK00231,ENT0067,2024-12-16,stress_confirmed,advice_only,hi,True
OC00176,TK00233,ENT0067,2025-05-20,stress_confirmed,bridge_loan_sanctioned,hi,True
OC00177,TK00235,ENT0067,2025-09-11,false_positive,no_action,hi,True
OC00178,TK00237,ENT0067,2026-01-16,false_positive,no_action,hi,True
OC00179,TK00238,ENT0067,2026-05-06,false_positive,no_action,hi,True
OC00180,TK00239,ENT0068,2025-08-15,stress_confirmed,bridge_loan_sanctioned,or,True
OC00181,TK00241,ENT0069,2025-03-24,false_positive,no_action,hi,True
OC00182,TK00242,ENT0071,2025-07-13,false_positive,no_action,hi,True
OC00183,TK00243,ENT0071,2025-09-05,false_positive,no_action,hi,True
OC00184,TK00244,ENT0072,2023-12-19,false_positive,no_action,or,True
OC00185,TK00245,ENT0073,2023-12-15,stress_confirmed,advice_only,te,True
OC00186,TK00246,ENT0073,2024-05-17,stress_confirmed,advice_only,te,True
OC00187,TK00247,ENT0073,2025-05-15,false_positive,no_action,te,True
OC00188,TK00248,ENT0074,2023-12-23,false_positive,no_action,te,True
OC00189,TK00249,ENT0074,2025-05-12,stress_confirmed,bridge_loan_sanctioned,te,True
OC00190,TK00250,ENT0074,2026-05-14,false_positive,no_action,te,True
OC00191,TK00251,ENT0075,2025-05-13,false_positive,no_action,or,True
OC00192,TK00252,ENT0075,2025-07-07,stress_confirmed,advice_only,or,True
OC00193,TK00253,ENT0075,2025-09-19,false_positive,no_action,or,True
OC00194,TK00255,ENT0075,2026-05-03,false_positive,no_action,or,True
OC00195,TK00256,ENT0075,2026-07-19,stress_confirmed,no_action,or,True
OC00196,TK00258,ENT0076,2024-02-19,stress_confirmed,advice_only,as,True
OC00197,TK00259,ENT0076,2024-04-05,stress_confirmed,advice_only,as,True
OC00198,TK00260,ENT0076,2024-06-18,stress_confirmed,advice_only,as,True
OC00199,TK00261,ENT0076,2024-08-08,false_positive,no_action,as,True
OC00200,TK00262,ENT0076,2024-12-10,stress_confirmed,emi_rescheduled,as,True
OC00201,TK00263,ENT0076,2026-01-23,false_positive,no_action,as,True
OC00202,TK00264,ENT0077,2023-12-09,stress_confirmed,advice_only,as,True
OC00203,TK00266,ENT0077,2025-05-06,stress_confirmed,scheme_linkage,as,True
OC00204,TK00267,ENT0079,2023-12-22,stress_confirmed,bridge_loan_sanctioned,hi,True
OC00205,TK00268,ENT0079,2024-02-12,stress_confirmed,advice_only,hi,True
OC00206,TK00269,ENT0080,2024-04-15,false_positive,no_action,te,True
OC00207,TK00270,ENT0080,2024-06-24,false_positive,no_action,te,True
OC00208,TK00271,ENT0080,2024-08-07,stress_confirmed,bridge_loan_sanctioned,te,True
OC00209,TK00272,ENT0080,2025-03-16,stress_confirmed,advice_only,te,True
OC00210,TK00273,ENT0080,2025-05-05,false_positive,no_action,te,True
OC00211,TK00274,ENT0080,2025-07-14,false_positive,no_action,te,True
OC00212,TK00275,ENT0080,2025-10-13,false_positive,no_action,te,True
OC00213,TK00276,ENT0080,2026-01-16,false_positive,no_action,te,True
OC00214,TK00277,ENT0080,2026-04-05,stress_confirmed,no_action,te,True
OC00215,TK00278,ENT0080,2026-06-18,stress_confirmed,advice_only,te,True
OC00216,TK00279,ENT0081,2024-05-06,stress_confirmed,no_action,mr,True
OC00217,TK00281,ENT0081,2024-09-06,stress_confirmed,no_action,mr,True
OC00218,TK00283,ENT0081,2026-07-25,stress_confirmed,bridge_loan_sanctioned,mr,True
OC00219,TK00284,ENT0082,2024-06-13,stress_confirmed,advice_only,mr,True
OC00220,TK00286,ENT0083,2023-12-22,stress_confirmed,scheme_linkage,gu,True
OC00221,TK00287,ENT0083,2024-02-20,false_positive,no_action,gu,True
OC00222,TK00288,ENT0083,2024-04-20,false_positive,no_action,gu,True
OC00223,TK00289,ENT0083,2024-06-12,false_positive,no_action,gu,True
OC00224,TK00291,ENT0084,2024-01-07,stress_confirmed,emi_rescheduled,mr,True
OC00225,TK00292,ENT0084,2026-05-23,stress_confirmed,bridge_loan_sanctioned,mr,True
OC00226,TK00293,ENT0085,2025-03-12,stress_confirmed,no_action,or,True
OC00227,TK00294,ENT0085,2025-05-07,stress_confirmed,emi_rescheduled,or,True
OC00228,TK00295,ENT0085,2025-07-18,false_positive,no_action,or,True
OC00229,TK00296,ENT0085,2025-09-17,false_positive,no_action,or,True
OC00230,TK00297,ENT0085,2025-12-22,stress_confirmed,advice_only,or,True
OC00231,TK00298,ENT0085,2026-03-07,stress_confirmed,emi_rescheduled,or,True
OC00232,TK00299,ENT0085,2026-05-18,stress_confirmed,bridge_loan_sanctioned,or,True
OC00233,TK00300,ENT0085,2026-07-09,false_positive,no_action,or,True
OC00234,TK00301,ENT0086,2024-04-20,stress_confirmed,advice_only,gu,True
OC00235,TK00302,ENT0086,2024-06-22,stress_confirmed,bridge_loan_sanctioned,gu,True
OC00236,TK00304,ENT0086,2025-07-12,false_positive,no_action,gu,True
OC00237,TK00307,ENT0087,2024-05-18,false_positive,no_action,gu,True
OC00238,TK00308,ENT0087,2024-07-13,stress_confirmed,bridge_loan_sanctioned,gu,True
OC00239,TK00309,ENT0087,2025-06-06,false_positive,no_action,gu,True
OC00240,TK00310,ENT0087,2026-05-07,stress_confirmed,no_action,gu,True
OC00241,TK00311,ENT0087,2026-07-04,false_positive,no_action,gu,True
OC00242,TK00312,ENT0089,2024-03-13,stress_confirmed,advice_only,hi,True
OC00243,TK00313,ENT0089,2024-05-08,stress_confirmed,bridge_loan_sanctioned,hi,True
OC00244,TK00314,ENT0089,2024-07-20,stress_confirmed,advice_only,hi,True
OC00245,TK00315,ENT0089,2024-09-08,stress_confirmed,bridge_loan_sanctioned,hi,True
OC00246,TK00316,ENT0089,2025-03-08,stress_confirmed,scheme_linkage,hi,True
OC00247,TK00317,ENT0089,2025-05-15,false_positive,no_action,hi,True
OC00248,TK00321,ENT0089,2026-06-24,stress_confirmed,bridge_loan_sanctioned,hi,True
OC00249,TK00322,ENT0089,2026-08-12,false_positive,no_action,hi,True
OC00250,TK00324,ENT0090,2026-05-10,stress_confirmed,scheme_linkage,mr,True
OC00251,TK00326,ENT0091,2024-05-17,stress_confirmed,advice_only,mr,True
OC00252,TK00327,ENT0091,2024-07-07,false_positive,no_action,mr,True
OC00253,TK00328,ENT0091,2025-04-15,stress_confirmed,advice_only,mr,True
OC00254,TK00329,ENT0091,2025-06-16,false_positive,no_action,mr,True
OC00255,TK00332,ENT0091,2026-06-10,stress_confirmed,emi_rescheduled,mr,True
OC00256,TK00333,ENT0091,2026-08-22,false_positive,no_action,mr,True
OC00257,TK00334,ENT0093,2025-10-13,false_positive,no_action,as,True
OC00258,TK00335,ENT0094,2023-12-19,false_positive,no_action,as,True
OC00259,TK00336,ENT0094,2024-02-05,false_positive,no_action,as,True
OC00260,TK00340,ENT0094,2026-05-23,false_positive,no_action,as,True
OC00261,TK00341,ENT0095,2024-06-19,stress_confirmed,advice_only,mr,True
OC00262,TK00342,ENT0095,2025-05-06,stress_confirmed,no_action,mr,True
OC00263,TK00343,ENT0095,2026-05-13,false_positive,no_action,mr,True
OC00264,TK00344,ENT0095,2026-07-08,stress_confirmed,bridge_loan_sanctioned,mr,True
OC00265,TK00345,ENT0096,2025-07-11,false_positive,no_action,gu,True
OC00266,TK00346,ENT0098,2024-07-05,stress_confirmed,advice_only,mr,True
OC00267,TK00348,ENT0098,2025-10-20,false_positive,no_action,mr,True
OC00268,TK00349,ENT0098,2026-07-03,false_positive,no_action,mr,True
OC00269,TK00353,ENT0100,2023-12-18,stress_confirmed,bridge_loan_sanctioned,as,True
OC00270,TK00356,ENT0100,2024-06-13,false_positive,no_action,as,True
OC00271,TK00357,ENT0101,2023-12-06,false_positive,no_action,or,True
OC00272,TK00358,ENT0101,2025-03-20,stress_confirmed,advice_only,or,True
OC00273,TK00359,ENT0102,2025-08-22,false_positive,no_action,or,True
OC00274,TK00360,ENT0104,2024-01-12,stress_confirmed,scheme_linkage,te,True
OC00275,TK00361,ENT0104,2024-05-07,false_positive,no_action,te,True
OC00276,TK00363,ENT0104,2024-09-13,false_positive,no_action,te,True
OC00277,TK00364,ENT0104,2024-11-12,false_positive,no_action,te,True
OC00278,TK00365,ENT0104,2025-01-16,stress_confirmed,advice_only,te,True
OC00279,TK00366,ENT0104,2025-04-09,false_positive,no_action,te,True
OC00280,TK00367,ENT0104,2025-06-17,false_positive,no_action,te,True
OC00281,TK00369,ENT0104,2025-10-05,false_positive,no_action,te,True
OC00282,TK00370,ENT0104,2025-12-08,false_positive,no_action,te,True
OC00283,TK00371,ENT0104,2026-03-07,stress_confirmed,bridge_loan_sanctioned,te,True
OC00284,TK00372,ENT0104,2026-05-20,stress_confirmed,advice_only,te,True
OC00285,TK00374,ENT0105,2023-12-20,stress_confirmed,advice_only,as,True
OC00286,TK00376,ENT0107,2024-03-22,stress_confirmed,advice_only,gu,True
OC00287,TK00378,ENT0107,2024-07-19,stress_confirmed,bridge_loan_sanctioned,gu,True
OC00288,TK00380,ENT0107,2025-02-10,stress_confirmed,bridge_loan_sanctioned,gu,True
OC00289,TK00381,ENT0107,2025-05-12,stress_confirmed,advice_only,gu,True
OC00290,TK00382,ENT0107,2025-07-20,false_positive,no_action,gu,True
OC00291,TK00383,ENT0107,2025-10-11,false_positive,no_action,gu,True
OC00292,TK00384,ENT0107,2026-03-10,stress_confirmed,advice_only,gu,True
OC00293,TK00385,ENT0107,2026-05-22,stress_confirmed,advice_only,gu,True
OC00294,TK00387,ENT0108,2025-05-08,false_positive,no_action,te,True
OC00295,TK00388,ENT0108,2025-08-09,false_positive,no_action,te,True
OC00296,TK00389,ENT0108,2026-05-04,stress_confirmed,advice_only,te,True
OC00297,TK00390,ENT0108,2026-07-05,stress_confirmed,advice_only,te,True
OC00298,TK00391,ENT0109,2023-12-08,stress_confirmed,advice_only,gu,True
OC00299,TK00392,ENT0109,2024-02-22,stress_confirmed,advice_only,gu,True
OC00300,TK00393,ENT0109,2024-04-22,false_positive,no_action,gu,True
OC00301,TK00394,ENT0109,2024-06-08,stress_confirmed,advice_only,gu,True
OC00302,TK00395,ENT0109,2026-05-14,false_positive,no_action,gu,True
OC00303,TK00398,ENT0111,2024-04-22,false_positive,no_action,as,True
OC00304,TK00399,ENT0111,2024-06-22,stress_confirmed,emi_rescheduled,as,True
OC00305,TK00400,ENT0111,2024-08-04,stress_confirmed,bridge_loan_sanctioned,as,True
OC00306,TK00401,ENT0111,2024-10-06,stress_confirmed,bridge_loan_sanctioned,as,True
OC00307,TK00403,ENT0111,2025-02-21,stress_confirmed,scheme_linkage,as,True
OC00308,TK00404,ENT0111,2025-05-20,false_positive,no_action,as,True
OC00309,TK00405,ENT0111,2025-08-04,false_positive,no_action,as,True
OC00310,TK00406,ENT0111,2025-10-12,false_positive,no_action,as,True
OC00311,TK00407,ENT0111,2025-12-18,false_positive,no_action,as,True
OC00312,TK00408,ENT0111,2026-03-06,stress_confirmed,advice_only,as,True
OC00313,TK00409,ENT0112,2024-07-25,stress_confirmed,advice_only,mr,True
OC00314,TK00410,ENT0112,2024-09-09,stress_confirmed,bridge_loan_sanctioned,mr,True
OC00315,TK00411,ENT0112,2025-07-18,false_positive,no_action,mr,True
OC00316,TK00412,ENT0112,2026-07-19,stress_confirmed,scheme_linkage,mr,True
OC00317,TK00413,ENT0113,2024-03-19,stress_confirmed,advice_only,gu,True
OC00318,TK00414,ENT0113,2024-05-12,stress_confirmed,no_action,gu,True
OC00319,TK00416,ENT0113,2024-09-13,stress_confirmed,advice_only,gu,True
OC00320,TK00417,ENT0113,2024-12-09,false_positive,no_action,gu,True
OC00321,TK00418,ENT0113,2025-05-09,stress_confirmed,emi_rescheduled,gu,True
OC00322,TK00419,ENT0113,2025-07-21,stress_confirmed,no_action,gu,True
OC00323,TK00420,ENT0113,2025-09-14,stress_confirmed,emi_rescheduled,gu,True
OC00324,TK00422,ENT0113,2026-07-22,false_positive,no_action,gu,True
OC00325,TK00423,ENT0114,2025-05-20,false_positive,no_action,te,True
OC00326,TK00426,ENT0115,2024-07-19,stress_confirmed,bridge_loan_sanctioned,mr,True
OC00327,TK00427,ENT0115,2025-04-11,false_positive,no_action,mr,True
OC00328,TK00428,ENT0115,2025-06-05,stress_confirmed,advice_only,mr,True
OC00329,TK00432,ENT0115,2026-07-17,false_positive,no_action,mr,True
OC00330,TK00434,ENT0117,2023-12-08,stress_confirmed,emi_rescheduled,or,True
OC00331,TK00435,ENT0117,2024-05-12,stress_confirmed,scheme_linkage,or,True
OC00332,TK00436,ENT0117,2026-05-20,false_positive,no_action,or,True
OC00333,TK00437,ENT0118,2026-06-12,false_positive,no_action,hi,True
OC00334,TK00439,ENT0119,2026-07-21,stress_confirmed,advice_only,mr,True
OC00335,TK00440,ENT0120,2024-03-18,false_positive,no_action,te,True
OC00336,TK00441,ENT0120,2026-03-11,stress_confirmed,bridge_loan_sanctioned,te,True
OC00337,TK00442,ENT0120,2026-05-18,false_positive,no_action,te,True
OC00338,TK00443,ENT0121,2024-04-10,stress_confirmed,advice_only,gu,True
OC00339,TK00447,ENT0122,2023-12-21,stress_confirmed,bridge_loan_sanctioned,hi,True
OC00340,TK00449,ENT0123,2023-12-21,stress_confirmed,no_action,te,True
OC00341,TK00450,ENT0123,2024-05-07,stress_confirmed,scheme_linkage,te,True
OC00342,TK00451,ENT0123,2025-05-03,false_positive,no_action,te,True
OC00343,TK00452,ENT0124,2024-04-13,false_positive,no_action,gu,True
OC00344,TK00453,ENT0124,2024-06-12,stress_confirmed,bridge_loan_sanctioned,gu,True
OC00345,TK00454,ENT0124,2024-08-15,false_positive,no_action,gu,True
OC00346,TK00455,ENT0124,2025-06-09,stress_confirmed,bridge_loan_sanctioned,gu,True
OC00347,TK00458,ENT0125,2025-05-24,false_positive,no_action,te,True
OC00348,TK00459,ENT0125,2025-07-14,stress_confirmed,bridge_loan_sanctioned,te,True
OC00349,TK00460,ENT0125,2026-05-15,false_positive,no_action,te,True
OC00350,TK00461,ENT0125,2026-07-07,stress_confirmed,advice_only,te,True
OC00351,TK00462,ENT0126,2023-12-11,stress_confirmed,scheme_linkage,as,True
OC00352,TK00463,ENT0127,2025-05-14,false_positive,no_action,te,True
OC00353,TK00464,ENT0128,2026-05-09,stress_confirmed,emi_rescheduled,gu,True
OC00354,TK00465,ENT0128,2026-07-16,stress_confirmed,advice_only,gu,True
OC00355,TK00466,ENT0130,2024-08-13,stress_confirmed,bridge_loan_sanctioned,te,True
OC00356,TK00467,ENT0130,2025-05-21,stress_confirmed,no_action,te,True
OC00357,TK00470,ENT0130,2026-05-19,stress_confirmed,advice_only,te,True
OC00358,TK00473,ENT0131,2025-07-12,stress_confirmed,no_action,te,True
OC00359,TK00474,ENT0131,2025-09-18,false_positive,no_action,te,True
OC00360,TK00477,ENT0132,2024-09-04,false_positive,no_action,hi,True
OC00361,TK00478,ENT0132,2025-08-25,false_positive,no_action,hi,True
OC00362,TK00479,ENT0132,2025-10-08,false_positive,no_action,hi,True
OC00363,TK00481,ENT0133,2024-03-11,stress_confirmed,no_action,hi,True
OC00364,TK00482,ENT0133,2025-12-05,stress_confirmed,bridge_loan_sanctioned,hi,True
OC00365,TK00484,ENT0133,2026-05-18,stress_confirmed,no_action,hi,True
OC00366,TK00485,ENT0134,2023-12-21,stress_confirmed,advice_only,as,True
OC00367,TK00486,ENT0134,2024-02-24,stress_confirmed,advice_only,as,True
OC00368,TK00487,ENT0134,2024-04-09,stress_confirmed,bridge_loan_sanctioned,as,True
OC00369,TK00488,ENT0134,2024-06-12,false_positive,no_action,as,True
OC00370,TK00489,ENT0134,2025-05-14,stress_confirmed,advice_only,as,True
OC00371,TK00490,ENT0135,2023-12-25,stress_confirmed,advice_only,or,True
OC00372,TK00491,ENT0136,2024-07-14,stress_confirmed,bridge_loan_sanctioned,or,True
OC00373,TK00493,ENT0136,2025-08-22,stress_confirmed,advice_only,or,True
OC00374,TK00494,ENT0136,2026-05-14,false_positive,no_action,or,True
OC00375,TK00495,ENT0137,2024-04-17,stress_confirmed,advice_only,hi,True
OC00376,TK00497,ENT0137,2024-08-07,stress_confirmed,scheme_linkage,hi,True
OC00377,TK00498,ENT0137,2025-04-21,false_positive,no_action,hi,True
OC00378,TK00499,ENT0137,2025-06-13,stress_confirmed,bridge_loan_sanctioned,hi,True
OC00379,TK00500,ENT0137,2025-09-05,false_positive,no_action,hi,True
OC00380,TK00501,ENT0137,2026-03-16,false_positive,no_action,hi,True
OC00381,TK00502,ENT0137,2026-05-21,false_positive,no_action,hi,True
OC00382,TK00503,ENT0137,2026-07-05,false_positive,no_action,hi,True
OC00383,TK00504,ENT0138,2023-12-10,stress_confirmed,advice_only,hi,True
OC00384,TK00505,ENT0138,2024-02-12,false_positive,no_action,hi,True
OC00385,TK00506,ENT0138,2024-04-15,stress_confirmed,no_action,hi,True
OC00386,TK00507,ENT0138,2024-06-22,stress_confirmed,advice_only,hi,True
OC00387,TK00508,ENT0138,2024-08-19,stress_confirmed,advice_only,hi,True
OC00388,TK00509,ENT0138,2024-10-15,false_positive,no_action,hi,True
OC00389,TK00510,ENT0138,2024-12-10,false_positive,no_action,hi,True
OC00390,TK00511,ENT0138,2025-02-13,false_positive,no_action,hi,True
OC00391,TK00512,ENT0138,2025-05-14,false_positive,no_action,hi,True
OC00392,TK00513,ENT0138,2025-07-04,stress_confirmed,emi_rescheduled,hi,True
OC00393,TK00515,ENT0138,2025-11-17,stress_confirmed,advice_only,hi,True
OC00394,TK00517,ENT0138,2026-04-08,false_positive,no_action,hi,True
OC00395,TK00518,ENT0139,2024-09-05,stress_confirmed,advice_only,te,True
OC00396,TK00519,ENT0139,2025-08-21,stress_confirmed,advice_only,te,True
OC00397,TK00520,ENT0140,2023-12-12,false_positive,no_action,or,True
OC00398,TK00522,ENT0140,2024-04-06,stress_confirmed,no_action,or,True
OC00399,TK00523,ENT0140,2024-06-05,stress_confirmed,emi_rescheduled,or,True
OC00400,TK00525,ENT0140,2024-10-14,stress_confirmed,no_action,or,True
OC00401,TK00526,ENT0140,2024-12-05,stress_confirmed,no_action,or,True
OC00402,TK00527,ENT0140,2025-02-25,false_positive,no_action,or,True
OC00403,TK00529,ENT0140,2025-07-13,false_positive,no_action,or,True
OC00404,TK00530,ENT0140,2025-09-16,stress_confirmed,scheme_linkage,or,True
OC00405,TK00531,ENT0140,2025-11-11,stress_confirmed,bridge_loan_sanctioned,or,True
OC00406,TK00536,ENT0141,2023-12-07,stress_confirmed,no_action,or,True
OC00407,TK00540,ENT0141,2026-05-09,stress_confirmed,bridge_loan_sanctioned,or,True
OC00408,TK00542,ENT0144,2024-03-19,stress_confirmed,advice_only,gu,True
OC00409,TK00543,ENT0144,2024-05-08,false_positive,no_action,gu,True
OC00410,TK00545,ENT0144,2024-09-17,stress_confirmed,scheme_linkage,gu,True
OC00411,TK00546,ENT0144,2024-12-08,stress_confirmed,bridge_loan_sanctioned,gu,True
OC00412,TK00548,ENT0144,2025-06-21,false_positive,no_action,gu,True
OC00413,TK00549,ENT0144,2026-04-04,stress_confirmed,scheme_linkage,gu,True
OC00414,TK00552,ENT0147,2024-01-16,false_positive,no_action,gu,True
OC00415,TK00553,ENT0147,2024-03-20,false_positive,no_action,gu,True
OC00416,TK00554,ENT0147,2025-05-13,stress_confirmed,bridge_loan_sanctioned,gu,True
OC00417,TK00555,ENT0147,2026-03-17,false_positive,no_action,gu,True
OC00418,TK00556,ENT0147,2026-05-11,false_positive,no_action,gu,True
OC00419,TK00557,ENT0148,2023-12-16,stress_confirmed,bridge_loan_sanctioned,te,True
OC00420,TK00558,ENT0148,2024-02-18,stress_confirmed,advice_only,te,True
OC00421,TK00559,ENT0148,2024-05-11,stress_confirmed,bridge_loan_sanctioned,te,True
OC00422,TK00560,ENT0148,2025-05-12,stress_confirmed,advice_only,te,True
OC00423,TK00561,ENT0148,2026-05-11,stress_confirmed,bridge_loan_sanctioned,te,True
OC00424,TK00562,ENT0149,2025-09-17,stress_confirmed,advice_only,as,True
OC00425,TK00563,ENT0150,2024-01-19,stress_confirmed,scheme_linkage,gu,True
OC00426,TK00564,ENT0150,2024-03-20,stress_confirmed,scheme_linkage,gu,True
OC00427,TK00565,ENT0150,2026-05-07,false_positive,no_action,gu,True
OC00428,TK00566,ENT0151,2023-12-04,false_positive,no_action,gu,True
OC00429,TK00567,ENT0151,2024-02-21,stress_confirmed,bridge_loan_sanctioned,gu,True
OC00430,TK00569,ENT0152,2023-12-13,false_positive,no_action,mr,True
OC00431,TK00572,ENT0152,2026-05-09,false_positive,no_action,mr,True
OC00432,TK00573,ENT0154,2025-08-04,false_positive,no_action,mr,True
OC00433,TK00574,ENT0154,2026-07-07,false_positive,no_action,mr,True
OC00434,TK00575,ENT0155,2024-06-11,false_positive,no_action,hi,True
OC00435,TK00577,ENT0155,2026-07-22,false_positive,no_action,hi,True
OC00436,TK00580,ENT0157,2024-02-11,stress_confirmed,bridge_loan_sanctioned,te,True
OC00437,TK00581,ENT0157,2024-04-09,stress_confirmed,advice_only,te,True
OC00438,TK00585,ENT0159,2025-05-14,false_positive,no_action,hi,True
OC00439,TK00590,ENT0160,2024-09-16,stress_confirmed,bridge_loan_sanctioned,as,True
OC00440,TK00592,ENT0160,2025-05-14,false_positive,no_action,as,True
OC00441,TK00593,ENT0161,2023-12-18,stress_confirmed,bridge_loan_sanctioned,as,True
OC00442,TK00595,ENT0161,2024-05-11,false_positive,no_action,as,True
OC00443,TK00597,ENT0161,2024-10-19,false_positive,no_action,as,True
OC00444,TK00599,ENT0161,2025-02-21,stress_confirmed,scheme_linkage,as,True
OC00445,TK00600,ENT0161,2025-05-12,stress_confirmed,scheme_linkage,as,True
OC00446,TK00601,ENT0161,2025-07-06,stress_confirmed,advice_only,as,True
OC00447,TK00603,ENT0161,2025-12-14,stress_confirmed,advice_only,as,True
OC00448,TK00604,ENT0161,2026-05-16,stress_confirmed,emi_rescheduled,as,True
OC00449,TK00607,ENT0162,2025-05-09,stress_confirmed,bridge_loan_sanctioned,mr,True
OC00450,TK00611,ENT0163,2026-03-21,stress_confirmed,scheme_linkage,hi,True
OC00451,TK00612,ENT0163,2026-05-18,stress_confirmed,scheme_linkage,hi,True
OC00452,TK00613,ENT0164,2026-05-22,stress_confirmed,bridge_loan_sanctioned,hi,True
OC00453,TK00614,ENT0166,2023-12-14,false_positive,no_action,hi,True
OC00454,TK00615,ENT0166,2024-02-20,false_positive,no_action,hi,True
OC00455,TK00616,ENT0166,2024-05-24,false_positive,no_action,hi,True
OC00456,TK00618,ENT0166,2024-09-19,stress_confirmed,bridge_loan_sanctioned,hi,True
OC00457,TK00619,ENT0166,2024-11-11,stress_confirmed,emi_rescheduled,hi,True
OC00458,TK00620,ENT0168,2024-03-05,stress_confirmed,no_action,mr,True
OC00459,TK00621,ENT0168,2024-06-15,stress_confirmed,bridge_loan_sanctioned,mr,True
OC00460,TK00622,ENT0168,2026-05-09,stress_confirmed,scheme_linkage,mr,True
OC00461,TK00623,ENT0169,2023-12-21,false_positive,no_action,mr,True
OC00462,TK00624,ENT0170,2024-09-04,stress_confirmed,no_action,te,True
OC00463,TK00625,ENT0171,2025-07-12,stress_confirmed,advice_only,as,True
OC00464,TK00626,ENT0172,2023-12-09,stress_confirmed,bridge_loan_sanctioned,or,True
OC00465,TK00627,ENT0172,2025-03-09,false_positive,no_action,or,True
OC00466,TK00629,ENT0173,2023-12-14,stress_confirmed,advice_only,or,True
OC00467,TK00630,ENT0173,2025-03-15,false_positive,no_action,or,True
OC00468,TK00631,ENT0173,2026-01-23,false_positive,no_action,or,True
OC00469,TK00632,ENT0173,2026-05-03,stress_confirmed,bridge_loan_sanctioned,or,True
OC00470,TK00634,ENT0174,2024-05-18,false_positive,no_action,hi,True
OC00471,TK00636,ENT0174,2024-09-16,false_positive,no_action,hi,True
OC00472,TK00637,ENT0174,2025-04-14,false_positive,no_action,hi,True
OC00473,TK00638,ENT0174,2025-06-06,stress_confirmed,scheme_linkage,hi,True
OC00474,TK00639,ENT0174,2025-08-14,stress_confirmed,no_action,hi,True
OC00475,TK00640,ENT0174,2025-10-22,stress_confirmed,advice_only,hi,True
OC00476,TK00641,ENT0174,2025-12-15,stress_confirmed,emi_rescheduled,hi,True
OC00477,TK00642,ENT0174,2026-03-21,false_positive,no_action,hi,True
OC00478,TK00643,ENT0174,2026-05-15,stress_confirmed,advice_only,hi,True
OC00479,TK00644,ENT0174,2026-07-06,false_positive,no_action,hi,True
OC00480,TK00647,ENT0176,2024-09-07,stress_confirmed,bridge_loan_sanctioned,hi,True
OC00481,TK00648,ENT0177,2024-06-12,stress_confirmed,scheme_linkage,gu,True
OC00482,TK00650,ENT0177,2024-10-12,false_positive,no_action,gu,True
OC00483,TK00657,ENT0178,2025-05-10,stress_confirmed,emi_rescheduled,te,True
OC00484,TK00658,ENT0178,2025-07-07,stress_confirmed,advice_only,te,True
OC00485,TK00659,ENT0178,2025-09-20,false_positive,no_action,te,True
OC00486,TK00661,ENT0178,2026-03-22,false_positive,no_action,te,True
OC00487,TK00662,ENT0178,2026-05-10,stress_confirmed,advice_only,te,True
OC00488,TK00663,ENT0178,2026-07-17,stress_confirmed,emi_rescheduled,te,True
OC00489,TK00664,ENT0179,2023-12-14,stress_confirmed,advice_only,gu,True
OC00490,TK00666,ENT0179,2024-04-12,stress_confirmed,no_action,gu,True
OC00491,TK00667,ENT0179,2026-05-17,stress_confirmed,emi_rescheduled,gu,True
OC00492,TK00668,ENT0180,2025-07-04,stress_confirmed,emi_rescheduled,gu,True
OC00493,TK00669,ENT0180,2025-09-24,stress_confirmed,emi_rescheduled,gu,True
OC00494,TK00671,ENT0182,2024-03-07,stress_confirmed,advice_only,hi,True
OC00495,TK00672,ENT0182,2024-05-19,false_positive,no_action,hi,True
OC00496,TK00673,ENT0182,2024-07-09,stress_confirmed,bridge_loan_sanctioned,hi,True
OC00497,TK00674,ENT0182,2024-09-10,stress_confirmed,bridge_loan_sanctioned,hi,True
OC00498,TK00675,ENT0182,2025-03-25,false_positive,no_action,hi,True
OC00499,TK00676,ENT0182,2025-05-13,stress_confirmed,bridge_loan_sanctioned,hi,True
OC00500,TK00677,ENT0182,2025-07-11,stress_confirmed,bridge_loan_sanctioned,hi,True
OC00501,TK00678,ENT0182,2025-09-04,false_positive,no_action,hi,True
OC00502,TK00681,ENT0183,2025-07-07,false_positive,no_action,gu,True
OC00503,TK00682,ENT0184,2024-01-09,false_positive,no_action,gu,True
OC00504,TK00683,ENT0184,2024-03-22,stress_confirmed,bridge_loan_sanctioned,gu,True
OC00505,TK00685,ENT0184,2024-07-15,stress_confirmed,scheme_linkage,gu,True
OC00506,TK00686,ENT0184,2024-09-21,stress_confirmed,bridge_loan_sanctioned,gu,True
OC00507,TK00687,ENT0184,2025-01-08,stress_confirmed,advice_only,gu,True
OC00508,TK00688,ENT0184,2025-04-23,false_positive,no_action,gu,True
OC00509,TK00689,ENT0184,2025-06-12,stress_confirmed,advice_only,gu,True
OC00510,TK00690,ENT0184,2025-08-19,stress_confirmed,advice_only,gu,True
OC00511,TK00691,ENT0184,2026-03-20,stress_confirmed,advice_only,gu,True
OC00512,TK00693,ENT0184,2026-07-14,stress_confirmed,emi_rescheduled,gu,True
OC00513,TK00697,ENT0186,2024-05-08,false_positive,no_action,gu,True
OC00514,TK00698,ENT0186,2024-07-20,false_positive,no_action,gu,True
OC00515,TK00699,ENT0186,2025-05-07,stress_confirmed,advice_only,gu,True
OC00516,TK00701,ENT0186,2026-05-18,false_positive,no_action,gu,True
OC00517,TK00702,ENT0186,2026-07-08,stress_confirmed,advice_only,gu,True
OC00518,TK00704,ENT0188,2023-12-19,false_positive,no_action,as,True
OC00519,TK00706,ENT0188,2024-04-12,false_positive,no_action,as,True
OC00520,TK00707,ENT0188,2024-06-19,false_positive,no_action,as,True
OC00521,TK00708,ENT0188,2024-08-03,false_positive,no_action,as,True
OC00522,TK00711,ENT0188,2025-02-15,stress_confirmed,advice_only,as,True
OC00523,TK00712,ENT0188,2025-05-03,stress_confirmed,scheme_linkage,as,True
OC00524,TK00713,ENT0188,2025-07-08,stress_confirmed,advice_only,as,True
OC00525,TK00714,ENT0188,2025-09-22,stress_confirmed,bridge_loan_sanctioned,as,True
OC00526,TK00715,ENT0188,2025-11-23,stress_confirmed,scheme_linkage,as,True
OC00527,TK00716,ENT0188,2026-01-14,false_positive,no_action,as,True
OC00528,TK00717,ENT0188,2026-04-17,false_positive,no_action,as,True
OC00529,TK00718,ENT0188,2026-06-11,stress_confirmed,scheme_linkage,as,True
OC00530,TK00720,ENT0189,2024-03-22,false_positive,no_action,mr,True
OC00531,TK00721,ENT0189,2024-05-14,stress_confirmed,advice_only,mr,True
OC00532,TK00722,ENT0189,2024-07-10,stress_confirmed,emi_rescheduled,mr,True
OC00533,TK00724,ENT0189,2024-11-07,stress_confirmed,emi_rescheduled,mr,True
OC00534,TK00725,ENT0189,2025-02-03,false_positive,no_action,mr,True
OC00535,TK00726,ENT0189,2025-05-12,stress_confirmed,no_action,mr,True
OC00536,TK00727,ENT0189,2025-07-15,stress_confirmed,advice_only,mr,True
OC00537,TK00729,ENT0189,2026-03-08,stress_confirmed,advice_only,mr,True
OC00538,TK00730,ENT0189,2026-05-10,stress_confirmed,advice_only,mr,True
OC00539,TK00732,ENT0190,2024-06-03,stress_confirmed,advice_only,mr,True
OC00540,TK00733,ENT0190,2024-08-16,false_positive,no_action,mr,True
OC00541,TK00735,ENT0192,2023-12-07,false_positive,no_action,mr,True
OC00542,TK00736,ENT0192,2024-02-15,stress_confirmed,advice_only,mr,True
OC00543,TK00738,ENT0192,2024-06-21,stress_confirmed,emi_rescheduled,mr,True
OC00544,TK00740,ENT0192,2025-03-09,stress_confirmed,bridge_loan_sanctioned,mr,True
OC00545,TK00741,ENT0192,2025-05-14,stress_confirmed,no_action,mr,True
OC00546,TK00742,ENT0192,2026-04-22,false_positive,no_action,mr,True
OC00547,TK00743,ENT0192,2026-06-15,false_positive,no_action,mr,True
OC00548,TK00744,ENT0193,2023-12-14,false_positive,no_action,mr,True
OC00549,TK00745,ENT0194,2023-12-10,stress_confirmed,scheme_linkage,hi,True
OC00550,TK00746,ENT0194,2024-02-11,false_positive,no_action,hi,True
OC00551,TK00748,ENT0196,2023-12-21,false_positive,no_action,as,True
OC00552,TK00750,ENT0196,2025-03-11,stress_confirmed,emi_rescheduled,as,True
OC00553,TK00751,ENT0196,2026-05-12,false_positive,no_action,as,True
OC00554,TK00752,ENT0197,2024-09-14,stress_confirmed,bridge_loan_sanctioned,gu,True
OC00555,TK00754,ENT0198,2024-03-12,stress_confirmed,scheme_linkage,gu,True
OC00556,TK00755,ENT0198,2024-05-17,stress_confirmed,advice_only,gu,True
OC00557,TK00756,ENT0198,2024-07-15,false_positive,no_action,gu,True
OC00558,TK00757,ENT0198,2024-09-08,stress_confirmed,advice_only,gu,True
OC00559,TK00760,ENT0198,2025-04-12,false_positive,no_action,gu,True
OC00560,TK00762,ENT0198,2025-08-17,stress_confirmed,advice_only,gu,True
OC00561,TK00763,ENT0198,2025-10-15,false_positive,no_action,gu,True
OC00562,TK00765,ENT0198,2026-04-16,false_positive,no_action,gu,True
OC00563,TK00767,ENT0198,2026-08-10,stress_confirmed,bridge_loan_sanctioned,gu,True
OC00564,TK00768,ENT0199,2024-03-10,stress_confirmed,advice_only,gu,True
OC00565,TK00771,ENT0199,2024-09-23,stress_confirmed,bridge_loan_sanctioned,gu,True
OC00566,TK00772,ENT0199,2025-03-06,stress_confirmed,no_action,gu,True
OC00567,TK00773,ENT0199,2025-05-18,false_positive,no_action,gu,True
OC00568,TK00775,ENT0199,2025-09-04,stress_confirmed,advice_only,gu,True
OC00569,TK00777,ENT0199,2026-06-17,false_positive,no_action,gu,True
OC00570,TK00779,ENT0200,2024-02-21,stress_confirmed,no_action,or,True
OC00571,TK00780,ENT0200,2024-07-22,false_positive,no_action,or,True
OC00572,TK00782,ENT0201,2025-08-23,false_positive,no_action,or,True
OC00573,TK00783,ENT0202,2024-06-21,stress_confirmed,bridge_loan_sanctioned,te,True
OC00574,TK00784,ENT0202,2024-08-12,stress_confirmed,emi_rescheduled,te,True
OC00575,TK00786,ENT0202,2025-07-12,false_positive,no_action,te,True
OC00576,TK00787,ENT0202,2025-09-23,false_positive,no_action,te,True
OC00577,TK00788,ENT0202,2026-06-12,false_positive,no_action,te,True
OC00578,TK00789,ENT0203,2023-12-11,stress_confirmed,emi_rescheduled,or,True
OC00579,TK00792,ENT0203,2024-11-18,false_positive,no_action,or,True
OC00580,TK00794,ENT0203,2025-04-08,stress_confirmed,emi_rescheduled,or,True
OC00581,TK00795,ENT0203,2025-06-09,stress_confirmed,bridge_loan_sanctioned,or,True
OC00582,TK00796,ENT0203,2025-08-06,stress_confirmed,emi_rescheduled,or,True
OC00583,TK00797,ENT0203,2025-10-19,stress_confirmed,emi_rescheduled,or,True
OC00584,TK00798,ENT0203,2025-12-21,stress_confirmed,bridge_loan_sanctioned,or,True
OC00585,TK00799,ENT0203,2026-02-13,false_positive,no_action,or,True
OC00586,TK00800,ENT0203,2026-05-22,false_positive,no_action,or,True
OC00587,TK00801,ENT0203,2026-07-08,stress_confirmed,advice_only,or,True
OC00588,TK00802,ENT0204,2025-07-03,stress_confirmed,scheme_linkage,or,True
OC00589,TK00803,ENT0205,2024-04-18,stress_confirmed,scheme_linkage,gu,True
OC00590,TK00804,ENT0205,2024-06-20,stress_confirmed,advice_only,gu,True
OC00591,TK00805,ENT0205,2024-08-12,stress_confirmed,advice_only,gu,True
OC00592,TK00806,ENT0205,2025-07-21,stress_confirmed,advice_only,gu,True
OC00593,TK00807,ENT0205,2026-05-11,stress_confirmed,advice_only,gu,True
OC00594,TK00808,ENT0205,2026-07-05,stress_confirmed,bridge_loan_sanctioned,gu,True
OC00595,TK00810,ENT0206,2024-05-07,stress_confirmed,bridge_loan_sanctioned,gu,True
OC00596,TK00813,ENT0206,2025-03-17,stress_confirmed,no_action,gu,True
OC00597,TK00814,ENT0206,2025-05-08,stress_confirmed,bridge_loan_sanctioned,gu,True
OC00598,TK00815,ENT0206,2025-07-10,false_positive,no_action,gu,True
OC00599,TK00818,ENT0206,2026-07-11,stress_confirmed,scheme_linkage,gu,True
OC00600,TK00823,ENT0211,2023-12-25,false_positive,no_action,or,True
OC00601,TK00824,ENT0212,2026-05-07,false_positive,no_action,hi,True
OC00602,TK00825,ENT0213,2024-03-13,stress_confirmed,scheme_linkage,hi,True
OC00603,TK00826,ENT0213,2025-05-21,stress_confirmed,advice_only,hi,True
OC00604,TK00827,ENT0213,2026-03-19,false_positive,no_action,hi,True
OC00605,TK00828,ENT0213,2026-05-10,false_positive,no_action,hi,True
OC00606,TK00829,ENT0214,2023-12-16,stress_confirmed,bridge_loan_sanctioned,hi,True
OC00607,TK00830,ENT0215,2024-09-18,false_positive,no_action,gu,True
OC00608,TK00831,ENT0215,2026-05-09,false_positive,no_action,gu,True
OC00609,TK00832,ENT0216,2023-12-07,stress_confirmed,bridge_loan_sanctioned,te,True
OC00610,TK00834,ENT0216,2025-05-18,stress_confirmed,scheme_linkage,te,True
OC00611,TK00835,ENT0217,2023-12-24,false_positive,no_action,mr,True
OC00612,TK00836,ENT0218,2026-05-17,stress_confirmed,advice_only,gu,True
OC00613,TK00837,ENT0219,2026-05-07,false_positive,no_action,gu,True
OC00614,TK00838,ENT0221,2023-12-04,false_positive,no_action,as,True
OC00615,TK00839,ENT0221,2024-05-22,false_positive,no_action,as,True
OC00616,TK00840,ENT0222,2023-12-19,stress_confirmed,advice_only,te,True
OC00617,TK00841,ENT0222,2025-03-17,stress_confirmed,bridge_loan_sanctioned,te,True
OC00618,TK00842,ENT0222,2026-03-19,stress_confirmed,no_action,te,True
OC00619,TK00845,ENT0223,2024-06-18,false_positive,no_action,or,True
OC00620,TK00846,ENT0223,2024-08-08,false_positive,no_action,or,True
OC00621,TK00847,ENT0223,2024-12-07,stress_confirmed,emi_rescheduled,or,True
OC00622,TK00848,ENT0223,2025-03-06,stress_confirmed,bridge_loan_sanctioned,or,True
OC00623,TK00849,ENT0223,2025-05-15,false_positive,no_action,or,True
OC00624,TK00851,ENT0223,2025-09-07,stress_confirmed,bridge_loan_sanctioned,or,True
OC00625,TK00852,ENT0223,2025-11-16,false_positive,no_action,or,True
OC00626,TK00853,ENT0223,2026-02-18,stress_confirmed,bridge_loan_sanctioned,or,True
OC00627,TK00855,ENT0223,2026-07-09,stress_confirmed,advice_only,or,True
OC00628,TK00863,ENT0226,2026-03-10,stress_confirmed,no_action,hi,True
OC00629,TK00864,ENT0227,2026-05-16,false_positive,no_action,as,True
OC00630,TK00865,ENT0227,2026-07-21,stress_confirmed,advice_only,as,True
OC00631,TK00866,ENT0229,2023-12-06,false_positive,no_action,hi,True
OC00632,TK00867,ENT0229,2026-05-06,stress_confirmed,advice_only,hi,True
OC00633,TK00869,ENT0231,2024-06-06,false_positive,no_action,te,True
OC00634,TK00870,ENT0231,2024-08-08,stress_confirmed,bridge_loan_sanctioned,te,True
OC00635,TK00871,ENT0231,2025-05-18,false_positive,no_action,te,True
OC00636,TK00872,ENT0231,2026-05-23,false_positive,no_action,te,True
OC00637,TK00874,ENT0232,2024-07-09,false_positive,no_action,te,True
OC00638,TK00875,ENT0232,2024-09-07,stress_confirmed,advice_only,te,True
OC00639,TK00876,ENT0232,2025-05-09,false_positive,no_action,te,True
OC00640,TK00877,ENT0232,2025-07-15,stress_confirmed,scheme_linkage,te,True
OC00641,TK00878,ENT0232,2025-09-09,stress_confirmed,advice_only,te,True
OC00642,TK00880,ENT0232,2026-03-18,stress_confirmed,advice_only,te,True
OC00643,TK00881,ENT0232,2026-05-19,stress_confirmed,bridge_loan_sanctioned,te,True
OC00644,TK00882,ENT0232,2026-07-08,stress_confirmed,no_action,te,True
OC00645,TK00883,ENT0233,2023-12-23,false_positive,no_action,as,True
OC00646,TK00885,ENT0233,2024-04-10,stress_confirmed,advice_only,as,True
OC00647,TK00887,ENT0233,2024-08-15,stress_confirmed,advice_only,as,True
OC00648,TK00888,ENT0233,2024-10-21,stress_confirmed,advice_only,as,True
OC00649,TK00889,ENT0233,2024-12-16,false_positive,no_action,as,True
OC00650,TK00890,ENT0233,2025-02-11,stress_confirmed,scheme_linkage,as,True
OC00651,TK00891,ENT0233,2025-05-05,stress_confirmed,emi_rescheduled,as,True
OC00652,TK00892,ENT0233,2025-08-07,false_positive,no_action,as,True
OC00653,TK00893,ENT0233,2025-10-08,stress_confirmed,advice_only,as,True
OC00654,TK00895,ENT0233,2026-07-19,false_positive,no_action,as,True
OC00655,TK00896,ENT0234,2024-07-07,stress_confirmed,emi_rescheduled,mr,True
OC00656,TK00897,ENT0234,2026-07-19,stress_confirmed,bridge_loan_sanctioned,mr,True
OC00657,TK00898,ENT0235,2026-05-06,stress_confirmed,bridge_loan_sanctioned,te,True
OC00658,TK00899,ENT0235,2026-07-08,false_positive,no_action,te,True
OC00659,TK00900,ENT0236,2023-12-04,stress_confirmed,advice_only,mr,True
OC00660,TK00903,ENT0236,2024-12-08,stress_confirmed,advice_only,mr,True
OC00661,TK00904,ENT0236,2025-02-12,stress_confirmed,advice_only,mr,True
OC00662,TK00905,ENT0236,2025-05-07,false_positive,no_action,mr,True
OC00663,TK00907,ENT0238,2026-07-22,stress_confirmed,advice_only,mr,True
OC00664,TK00908,ENT0239,2024-03-06,false_positive,no_action,mr,True
OC00665,TK00909,ENT0239,2024-05-17,stress_confirmed,advice_only,mr,True
OC00666,TK00910,ENT0239,2024-07-10,stress_confirmed,emi_rescheduled,mr,True
OC00667,TK00911,ENT0239,2024-09-23,false_positive,no_action,mr,True
OC00668,TK00913,ENT0239,2026-05-11,stress_confirmed,advice_only,mr,True
OC00669,TK00914,ENT0239,2026-07-12,false_positive,no_action,mr,True
OC00670,TK00915,ENT0240,2025-07-20,false_positive,no_action,as,True
OC00671,TK00916,ENT0241,2025-05-05,false_positive,no_action,or,True
OC00672,TK00917,ENT0241,2025-07-19,stress_confirmed,advice_only,or,True
OC00673,TK00918,ENT0241,2025-09-11,stress_confirmed,advice_only,or,True
OC00674,TK00920,ENT0241,2026-08-14,stress_confirmed,emi_rescheduled,or,True
OC00675,TK00921,ENT0242,2025-05-05,false_positive,no_action,te,True
OC00676,TK00922,ENT0242,2026-05-19,stress_confirmed,advice_only,te,True
OC00677,TK00923,ENT0243,2024-06-20,false_positive,no_action,gu,True
OC00678,TK00925,ENT0243,2026-07-11,false_positive,no_action,gu,True
OC00679,TK00926,ENT0244,2024-06-07,false_positive,no_action,te,True
OC00680,TK00928,ENT0244,2024-10-20,false_positive,no_action,te,True
OC00681,TK00929,ENT0244,2025-05-18,stress_confirmed,scheme_linkage,te,True
OC00682,TK00930,ENT0244,2025-07-12,stress_confirmed,emi_rescheduled,te,True
OC00683,TK00932,ENT0244,2026-06-24,false_positive,no_action,te,True
OC00684,TK00933,ENT0244,2026-08-21,stress_confirmed,advice_only,te,True
OC00685,TK00934,ENT0245,2023-12-10,false_positive,no_action,or,True
OC00686,TK00936,ENT0246,2023-12-18,stress_confirmed,advice_only,as,True
OC00687,TK00938,ENT0247,2023-12-15,stress_confirmed,advice_only,or,True
OC00688,TK00939,ENT0247,2024-02-25,stress_confirmed,emi_rescheduled,or,True
OC00689,TK00940,ENT0247,2026-03-08,stress_confirmed,scheme_linkage,or,True
OC00690,TK00942,ENT0249,2024-02-15,stress_confirmed,emi_rescheduled,gu,True
OC00691,TK00943,ENT0249,2024-06-18,stress_confirmed,advice_only,gu,True
OC00692,TK00945,ENT0249,2025-03-17,stress_confirmed,emi_rescheduled,gu,True
OC00693,TK00949,ENT0251,2024-04-05,false_positive,no_action,gu,True
OC00694,TK00950,ENT0251,2025-05-12,stress_confirmed,bridge_loan_sanctioned,gu,True
OC00695,TK00952,ENT0252,2024-09-11,false_positive,no_action,te,True
OC00696,TK00953,ENT0252,2025-05-25,stress_confirmed,scheme_linkage,te,True
OC00697,TK00954,ENT0252,2026-05-11,stress_confirmed,scheme_linkage,te,True
